context,input,target,logic_chain
0,4,14,"SUBTRACT_ONE,SUM_PREV,DOUBLE"
0,29,840,"SQUARE,SUBTRACT_ONE"
0,18,36,DOUBLE
0,27,26,SUBTRACT_ONE
0,10,22,"ADD_ONE,DOUBLE"
0,25,625,"SQUARE,ADD_ONE,SUBTRACT_ONE"
0,27,54,"SUM_PREV,SUM_PREV"
0,10,484,"ADD_ONE,DOUBLE,SQUARE"
11,5,16,SUM_PREV
0,12,11,"SUM_PREV,SUBTRACT_ONE"
18,9,27,SUM_PREV
0,5,10,DOUBLE
0,28,55,"DOUBLE,SUBTRACT_ONE"
0,24,1151,"SQUARE,SUBTRACT_ONE,SUM_PREV"
0,1,2,ADD_ONE
0,25,5000,"DOUBLE,SQUARE,DOUBLE"
0,5,13,"ADD_ONE,ADD_ONE,SUM_PREV"
0,24,48,DOUBLE
0,6,7,ADD_ONE
0,28,27,SUBTRACT_ONE
0,12,26,"ADD_ONE,DOUBLE"
0,12,11,"SUM_PREV,SUBTRACT_ONE"
0,22,43,"SUBTRACT_ONE,SUM_PREV"
15,14,29,SUM_PREV
0,12,144,SQUARE
0,9,17,"DOUBLE,SUBTRACT_ONE"
0,2,2,"SQUARE,SUBTRACT_ONE,SUBTRACT_ONE"
0,24,601,"SQUARE,SUM_PREV,ADD_ONE"
0,28,55,"SUBTRACT_ONE,SUM_PREV"
0,20,19,SUBTRACT_ONE
0,2,8,"SQUARE,DOUBLE"
18,8,26,SUM_PREV
0,25,26,ADD_ONE
0,29,28,SUBTRACT_ONE
0,4,16,SQUARE
0,17,289,SQUARE
0,21,882,"SQUARE,DOUBLE"
0,29,28,SUBTRACT_ONE
0,8,16,DOUBLE
16,19,35,SUM_PREV
0,7,98,"SQUARE,DOUBLE"
0,4,8,DOUBLE
0,3,3,SUM_PREV
0,5,6,ADD_ONE
0,28,56,DOUBLE
0,25,75,"DOUBLE,SUM_PREV"
13,14,27,SUM_PREV
0,11,14400,"SQUARE,SUBTRACT_ONE,SQUARE"
0,13,12,"SUBTRACT_ONE,ADD_ONE,SUBTRACT_ONE"
0,30,810001,"SQUARE,SQUARE,ADD_ONE"
0,1,1,"SUM_PREV,SUBTRACT_ONE,SUM_PREV"
0,11,9,"SUBTRACT_ONE,SUBTRACT_ONE"
0,25,51,"ADD_ONE,SUBTRACT_ONE,SUM_PREV"
17,19,36,SUM_PREV
0,27,729,"SUBTRACT_ONE,ADD_ONE,SQUARE"
0,28,56,DOUBLE
0,3,16,"ADD_ONE,SQUARE"
10,14,24,SUM_PREV
20,12,32,SUM_PREV
0,10,10,"SUM_PREV,SUBTRACT_ONE,ADD_ONE"
0,15,43,"SUBTRACT_ONE,SUM_PREV,SUM_PREV"
0,6,6,"SUM_PREV,SUBTRACT_ONE,ADD_ONE"
0,7,7,SUM_PREV
0,3,10,"SQUARE,ADD_ONE"
0,8,16,DOUBLE
0,2,2,SUM_PREV
0,11,21,"DOUBLE,SUBTRACT_ONE"
0,4,16,SQUARE
0,19,441,"ADD_ONE,ADD_ONE,SQUARE"
0,2,4,"SUBTRACT_ONE,ADD_ONE,SQUARE"
0,9,8,SUBTRACT_ONE
0,15,257,"ADD_ONE,SQUARE,ADD_ONE"
0,17,334084,"SQUARE,DOUBLE,SQUARE"
0,9,160,"SQUARE,SUBTRACT_ONE,DOUBLE"
0,5,10,DOUBLE
0,1,1,"SQUARE,SQUARE,SQUARE"
0,17,17,SUM_PREV
0,3,9,SQUARE
0,24,26,"ADD_ONE,ADD_ONE"
0,17,18,ADD_ONE
0,9,25,"SUBTRACT_ONE,SUM_PREV,SUM_PREV"
0,8,9,ADD_ONE
0,21,483,"ADD_ONE,SQUARE,SUBTRACT_ONE"
0,1,0,SUBTRACT_ONE
0,14,169,"SUBTRACT_ONE,SQUARE"
0,10,20,DOUBLE
0,25,651,"SQUARE,SUM_PREV,ADD_ONE"
0,11,33,"SUM_PREV,SUM_PREV,SUM_PREV"
0,10,10,"SUBTRACT_ONE,ADD_ONE"
17,11,28,SUM_PREV
0,13,168,"SQUARE,SUBTRACT_ONE"
14,14,28,SUM_PREV
0,22,23,"SUM_PREV,ADD_ONE"
9,13,22,SUM_PREV
16,11,27,SUM_PREV
0,12,13,ADD_ONE
0,13,12,SUBTRACT_ONE
0,4,3,SUBTRACT_ONE
0,8,15,"DOUBLE,SUBTRACT_ONE"
17,13,30,SUM_PREV
0,22,483,"SQUARE,SUBTRACT_ONE"
0,23,69,"DOUBLE,SUM_PREV"
0,16,272,"SQUARE,SUM_PREV"
0,29,32,"ADD_ONE,ADD_ONE,ADD_ONE"
0,13,29,"ADD_ONE,ADD_ONE,SUM_PREV"
0,14,784,"SUM_PREV,DOUBLE,SQUARE"
0,7,64,"SUM_PREV,ADD_ONE,SQUARE"
0,17,16,SUBTRACT_ONE
0,3,3,SUM_PREV
0,17,34,DOUBLE
0,10,21,"ADD_ONE,SUM_PREV"
0,22,441,"SUBTRACT_ONE,SQUARE"
0,23,46,DOUBLE
0,15,451,"SQUARE,DOUBLE,ADD_ONE"
0,20,39,"SUM_PREV,SUM_PREV,SUBTRACT_ONE"
0,6,7,ADD_ONE
0,2,4,SQUARE
0,9,11,"ADD_ONE,ADD_ONE"
0,6,72,"SQUARE,DOUBLE"
0,8,17,"ADD_ONE,SUM_PREV"
0,5,6,ADD_ONE
0,19,104976,"SUBTRACT_ONE,SQUARE,SQUARE"
0,15,32,"ADD_ONE,DOUBLE"
0,25,51,"SUM_PREV,DOUBLE,ADD_ONE"
0,15,29,"SUBTRACT_ONE,SUM_PREV"
0,11,122,"SQUARE,ADD_ONE"
11,13,24,SUM_PREV
0,20,160001,"SQUARE,SQUARE,ADD_ONE"
0,29,56,"SUBTRACT_ONE,DOUBLE"
0,30,122,"ADD_ONE,SUM_PREV,DOUBLE"
15,6,21,SUM_PREV
0,20,19,SUBTRACT_ONE
0,12,121,"SUBTRACT_ONE,SQUARE"
0,15,16,ADD_ONE
11,12,23,SUM_PREV
0,15,30,DOUBLE
0,13,1352,"DOUBLE,SQUARE,DOUBLE"
0,27,24,"SUBTRACT_ONE,SUBTRACT_ONE,SUBTRACT_ONE"
0,18,72,"SUM_PREV,SUM_PREV,DOUBLE"
0,28,729,"SUBTRACT_ONE,SQUARE"
0,1,0,SUBTRACT_ONE
0,10,101,"SQUARE,ADD_ONE"
0,8,256,"DOUBLE,SQUARE"
0,27,26,"SUM_PREV,SUBTRACT_ONE"
0,23,25,"ADD_ONE,ADD_ONE"
7,12,19,SUM_PREV
13,2,15,SUM_PREV
0,3,90,"SQUARE,SQUARE,SUM_PREV"
0,10,9,"SUBTRACT_ONE,SUBTRACT_ONE,ADD_ONE"
0,18,17,"SUBTRACT_ONE,ADD_ONE,SUBTRACT_ONE"
0,22,21,SUBTRACT_ONE
0,5,6,ADD_ONE
0,14,14,"SUBTRACT_ONE,ADD_ONE"
0,20,21,ADD_ONE
0,20,3200,"DOUBLE,SQUARE,DOUBLE"
0,21,777924,"SQUARE,DOUBLE,SQUARE"
0,19,361,SQUARE
0,30,90,"SUM_PREV,DOUBLE,SUM_PREV"
0,25,24,SUBTRACT_ONE
19,14,33,SUM_PREV
0,4,9,"SUBTRACT_ONE,SQUARE"
0,28,26,"SUBTRACT_ONE,SUBTRACT_ONE"
2,8,10,SUM_PREV
0,22,484,SQUARE
0,30,30,"ADD_ONE,SUBTRACT_ONE"
0,10,100,SQUARE
0,21,44,"ADD_ONE,DOUBLE"
0,1,2,ADD_ONE
0,15,14,"SUBTRACT_ONE,ADD_ONE,SUBTRACT_ONE"
0,22,23,ADD_ONE
0,4,8,"SUM_PREV,SUM_PREV"
1,16,17,SUM_PREV
4,18,22,SUM_PREV
0,24,48,DOUBLE
0,16,33,"DOUBLE,ADD_ONE"
0,19,19,SUM_PREV
0,28,1568,"SQUARE,DOUBLE"
0,13,27,"DOUBLE,ADD_ONE"
0,4,9,"SUBTRACT_ONE,SQUARE"
0,1,1,SUM_PREV
17,13,30,SUM_PREV
0,14,60,"ADD_ONE,DOUBLE,DOUBLE"
0,22,45,"DOUBLE,ADD_ONE"
0,1,2,ADD_ONE
0,24,626,"ADD_ONE,SQUARE,ADD_ONE"
0,13,167,"SQUARE,SUBTRACT_ONE,SUBTRACT_ONE"
0,29,900,"ADD_ONE,SQUARE"
0,3,3,"SUM_PREV,ADD_ONE,SUBTRACT_ONE"
0,22,22,SUM_PREV
0,12,24,DOUBLE
0,8,256,"SUM_PREV,SUM_PREV,SQUARE"
0,29,58,DOUBLE
0,3,1,"SUBTRACT_ONE,SUBTRACT_ONE"
0,1,1,"SQUARE,DOUBLE,SUBTRACT_ONE"
0,24,2304,"SUM_PREV,DOUBLE,SQUARE"
0,7,55,"SQUARE,SUM_PREV,SUBTRACT_ONE"
0,18,72,"DOUBLE,DOUBLE"
0,25,27,"ADD_ONE,ADD_ONE"
0,18,18,SUM_PREV
0,18,324,"ADD_ONE,SUBTRACT_ONE,SQUARE"
0,8,64,SQUARE
0,8,9,ADD_ONE
0,22,23,"SUM_PREV,ADD_ONE"
0,10,18,"DOUBLE,SUBTRACT_ONE,SUBTRACT_ONE"
6,13,19,SUM_PREV
0,9,26,"DOUBLE,SUM_PREV,SUBTRACT_ONE"
0,9,14,"SUBTRACT_ONE,SUBTRACT_ONE,DOUBLE"
0,20,400,SQUARE
0,16,32,"SUM_PREV,DOUBLE"
0,28,113,"DOUBLE,ADD_ONE,SUM_PREV"
0,5,100,"SUM_PREV,DOUBLE,SQUARE"
0,9,81,SQUARE
0,20,41,"ADD_ONE,SUBTRACT_ONE,SUM_PREV"
0,3,9,SQUARE
0,6,49,"ADD_ONE,SQUARE"
0,17,306,"SQUARE,SUM_PREV"
0,6,5,SUBTRACT_ONE
0,17,17,"SUM_PREV,SUBTRACT_ONE,ADD_ONE"
0,3,36,"SQUARE,DOUBLE,DOUBLE"
0,7,8,ADD_ONE
0,6,37,"SQUARE,ADD_ONE"
0,21,21,SUM_PREV
0,11,121,SQUARE
0,24,49,"ADD_ONE,DOUBLE,SUBTRACT_ONE"
0,25,624,"SQUARE,SUBTRACT_ONE"
0,23,22,"SUM_PREV,SUBTRACT_ONE"
0,14,14,SUM_PREV
0,2,3,"SUM_PREV,ADD_ONE"
1,20,21,SUM_PREV
0,2,2,"SUBTRACT_ONE,DOUBLE"
0,21,20,SUBTRACT_ONE
0,5,6,ADD_ONE
0,19,39,"ADD_ONE,SUM_PREV"
0,10,10,SUM_PREV
0,11,100,"SUBTRACT_ONE,SQUARE"
0,13,26,DOUBLE
0,29,614656,"SUBTRACT_ONE,SQUARE,SQUARE"
0,7,8,ADD_ONE
0,7,42,"DOUBLE,DOUBLE,SUM_PREV"
0,18,17,SUBTRACT_ONE
0,3,3,"SUBTRACT_ONE,ADD_ONE"
0,20,40,DOUBLE
0,2,2,"DOUBLE,SUBTRACT_ONE,SUBTRACT_ONE"
0,24,24,"SUBTRACT_ONE,ADD_ONE"
0,25,390625,"SQUARE,SQUARE"
1,18,19,SUM_PREV
0,12,12,"SUBTRACT_ONE,ADD_ONE"
0,11,12,ADD_ONE
0,11,11,SUM_PREV
0,27,532900,"SQUARE,ADD_ONE,SQUARE"
0,28,784,"SUM_PREV,SQUARE"
0,8,129,"SQUARE,DOUBLE,ADD_ONE"
0,2,6,"ADD_ONE,DOUBLE"
8,4,12,SUM_PREV
0,19,38,"SUM_PREV,SUM_PREV"
12,14,26,SUM_PREV
0,21,20,SUBTRACT_ONE
12,8,20,SUM_PREV
0,24,45,"SUBTRACT_ONE,SUBTRACT_ONE,SUM_PREV"
4,20,24,SUM_PREV
0,24,600,"SUM_PREV,SQUARE,SUM_PREV"
0,24,72,"SUM_PREV,DOUBLE,SUM_PREV"
0,16,65,"DOUBLE,DOUBLE,ADD_ONE"
0,28,56,DOUBLE
16,18,34,SUM_PREV
0,8,144,"SQUARE,SUM_PREV,DOUBLE"
0,7,6,SUBTRACT_ONE
0,25,1251,"SQUARE,ADD_ONE,SUM_PREV"
0,4,8,DOUBLE
1,11,12,SUM_PREV
0,2,3,"ADD_ONE,ADD_ONE,SUBTRACT_ONE"
0,16,33,"ADD_ONE,SUM_PREV"
0,3,12,"DOUBLE,DOUBLE"
0,15,14,SUBTRACT_ONE
0,11,66,"DOUBLE,DOUBLE,SUM_PREV"
13,18,31,SUM_PREV
6,6,12,SUM_PREV
0,2,5,"ADD_ONE,SUM_PREV"
0,2,10,"SQUARE,ADD_ONE,DOUBLE"
0,26,105,"DOUBLE,ADD_ONE,SUM_PREV"
0,12,288,"SQUARE,DOUBLE"
10,3,13,SUM_PREV
0,2,4,SQUARE
0,27,676,"SUBTRACT_ONE,SQUARE"
0,20,39,"DOUBLE,SUBTRACT_ONE"
0,5,35,"ADD_ONE,SQUARE,SUBTRACT_ONE"
0,10,11,ADD_ONE
0,1,1,SUM_PREV
0,17,17,"SUBTRACT_ONE,ADD_ONE"
0,25,50,"SUM_PREV,DOUBLE"
0,14,28,"SUM_PREV,SUM_PREV"
0,13,14,"ADD_ONE,ADD_ONE,SUBTRACT_ONE"
0,15,224,"SQUARE,SUBTRACT_ONE"
0,15,449,"SQUARE,SUBTRACT_ONE,SUM_PREV"
0,5,4,SUBTRACT_ONE
0,1,0,"SQUARE,SUBTRACT_ONE"
0,12,168,"ADD_ONE,SQUARE,SUBTRACT_ONE"
0,24,23,SUBTRACT_ONE
16,4,20,SUM_PREV
0,3,9,SQUARE
0,3,6,DOUBLE
0,6,6,SUM_PREV
0,3,9,SQUARE
0,24,23,SUBTRACT_ONE
0,14,44100,"SQUARE,SUM_PREV,SQUARE"
0,15,15,"SUBTRACT_ONE,ADD_ONE"
0,18,18,SUM_PREV
0,15,30,DOUBLE
18,13,31,SUM_PREV
0,10,10,SUM_PREV
0,3,9,"ADD_ONE,SUBTRACT_ONE,SQUARE"
0,25,48,"SUBTRACT_ONE,DOUBLE"
0,3,18,"SQUARE,DOUBLE"
0,24,47,"SUBTRACT_ONE,SUM_PREV"
0,6,5,SUBTRACT_ONE
0,30,30,"SUM_PREV,ADD_ONE,SUBTRACT_ONE"
0,2,2,"SUBTRACT_ONE,DOUBLE"
0,5,25,SQUARE
0,29,58,DOUBLE
0,23,23,SUM_PREV
0,7,49,SQUARE
0,21,22,ADD_ONE
10,14,24,SUM_PREV
0,23,529,SQUARE
0,3,6,DOUBLE
0,2,3,"DOUBLE,SUBTRACT_ONE"
0,26,25,"SUM_PREV,SUBTRACT_ONE"
0,15,51076,"SQUARE,ADD_ONE,SQUARE"
0,20,80,"SUM_PREV,DOUBLE,DOUBLE"
0,24,577,"SQUARE,ADD_ONE"
0,10,10,"ADD_ONE,SUBTRACT_ONE"
0,17,576,"SQUARE,SUBTRACT_ONE,DOUBLE"
0,22,506,"SUM_PREV,SQUARE,SUM_PREV"
0,4,4,SUM_PREV
0,10,10,"SUM_PREV,SUBTRACT_ONE,ADD_ONE"
0,21,84,"DOUBLE,DOUBLE"
0,8,63,"SQUARE,SUBTRACT_ONE"
0,16,51,"ADD_ONE,DOUBLE,SUM_PREV"
0,11,14641,"SQUARE,SQUARE"
0,27,1458,"SQUARE,DOUBLE"
0,6,36,"SQUARE,ADD_ONE,SUBTRACT_ONE"
0,24,25,ADD_ONE
0,7,8,ADD_ONE
0,14,27,"DOUBLE,SUBTRACT_ONE"
0,9,54,"DOUBLE,DOUBLE,SUM_PREV"
0,1,1,SQUARE
16,11,27,SUM_PREV
0,22,21,"SUM_PREV,SUBTRACT_ONE"
0,21,61,"SUBTRACT_ONE,SUM_PREV,SUM_PREV"
0,11,11,"ADD_ONE,SUBTRACT_ONE"
0,23,47,"DOUBLE,ADD_ONE"
0,21,63,"SUM_PREV,DOUBLE,SUM_PREV"
0,9,11,"ADD_ONE,ADD_ONE"
1,17,18,SUM_PREV
0,5,10,DOUBLE
0,23,8464,"DOUBLE,DOUBLE,SQUARE"
0,7,2402,"SQUARE,SQUARE,ADD_ONE"
0,6,7,ADD_ONE
0,22,23,ADD_ONE
0,7,48,"SQUARE,SUBTRACT_ONE"
3,15,18,SUM_PREV
0,13,26,DOUBLE
0,6,13,"ADD_ONE,SUM_PREV"
0,8,64,SQUARE
0,1,1,"SUBTRACT_ONE,ADD_ONE"
0,27,1352,"SUBTRACT_ONE,SQUARE,DOUBLE"
0,27,53,"SUBTRACT_ONE,SUM_PREV"
0,9,18,"SUBTRACT_ONE,SUM_PREV,ADD_ONE"
0,11,23,"ADD_ONE,SUM_PREV"
0,1,8,"DOUBLE,DOUBLE,DOUBLE"
0,25,624,"SQUARE,SUBTRACT_ONE"
0,17,83810,"SQUARE,SQUARE,SUM_PREV"
0,10,19,"SUBTRACT_ONE,SUM_PREV"
0,13,27,"ADD_ONE,SUM_PREV"
0,10,100,SQUARE
0,28,28,SUM_PREV
0,3,36,"SUM_PREV,DOUBLE,SQUARE"
0,15,27,"SUBTRACT_ONE,DOUBLE,SUBTRACT_ONE"
0,4,12,"SUM_PREV,SUM_PREV,SUM_PREV"
0,12,26,"ADD_ONE,DOUBLE"
0,26,27,"ADD_ONE,ADD_ONE,SUBTRACT_ONE"
0,6,30,"DOUBLE,SUM_PREV,SUM_PREV"
0,7,8,ADD_ONE
0,5,1250,"SQUARE,SQUARE,DOUBLE"
5,10,15,SUM_PREV
0,29,58,DOUBLE
0,26,104,"DOUBLE,DOUBLE"
0,23,23,SUM_PREV
16,9,25,SUM_PREV
0,7,6,SUBTRACT_ONE
14,8,22,SUM_PREV
0,1,5,"ADD_ONE,SQUARE,ADD_ONE"
0,19,19,"ADD_ONE,SUBTRACT_ONE"
0,10,19,"SUM_PREV,SUBTRACT_ONE,SUM_PREV"
0,9,200,"ADD_ONE,SQUARE,DOUBLE"
3,1,4,SUM_PREV
0,28,786,"SQUARE,ADD_ONE,ADD_ONE"
0,5,10,DOUBLE
0,27,27,SUM_PREV
0,17,15,"SUBTRACT_ONE,SUBTRACT_ONE"
0,17,82944,"SQUARE,SUBTRACT_ONE,SQUARE"
7,8,15,SUM_PREV
0,10,20,DOUBLE
0,15,30,DOUBLE
0,17,17,SUM_PREV
0,10,19,"SUM_PREV,SUM_PREV,SUBTRACT_ONE"
0,28,110,"DOUBLE,SUBTRACT_ONE,DOUBLE"
0,30,60,DOUBLE
0,9,36,"SUM_PREV,DOUBLE,DOUBLE"
0,7,14,DOUBLE
0,23,25,"ADD_ONE,ADD_ONE"
7,6,13,SUM_PREV
0,13,12,SUBTRACT_ONE
0,2,1,SUBTRACT_ONE
0,28,1568,"SQUARE,DOUBLE"
0,2,4,DOUBLE
0,15,450,"SQUARE,DOUBLE"
0,1,2,"SQUARE,SQUARE,DOUBLE"
5,1,6,SUM_PREV
0,22,44,"SUM_PREV,DOUBLE"
0,28,841,"ADD_ONE,SQUARE"
0,18,1297,"DOUBLE,SQUARE,ADD_ONE"
0,17,83521,"SQUARE,SQUARE"
0,21,42,"SUM_PREV,SUM_PREV"
0,21,21,SUM_PREV
0,28,29,"SUM_PREV,ADD_ONE"
0,22,484,"SUM_PREV,SQUARE"
0,29,29,"SUBTRACT_ONE,ADD_ONE"
0,16,31,"SUBTRACT_ONE,DOUBLE,ADD_ONE"
0,10,20,DOUBLE
0,29,29,SUM_PREV
0,16,17,ADD_ONE
0,19,521284,"SQUARE,DOUBLE,SQUARE"
0,28,84,"DOUBLE,SUM_PREV"
0,13,169,SQUARE
0,27,729,"SUM_PREV,SQUARE"
0,16,16,SUM_PREV
17,9,26,SUM_PREV
0,19,19,SUM_PREV
0,18,51,"SUBTRACT_ONE,DOUBLE,SUM_PREV"
0,21,42,DOUBLE
0,19,361,SQUARE
0,23,24,ADD_ONE
0,21,22,ADD_ONE
8,8,16,SUM_PREV
0,30,60,DOUBLE
0,24,48,"SUM_PREV,DOUBLE"
0,27,83,"ADD_ONE,SUM_PREV,SUM_PREV"
0,12,169,"SUM_PREV,ADD_ONE,SQUARE"
0,19,38,"SUM_PREV,SUM_PREV"
0,8,64,"DOUBLE,DOUBLE,DOUBLE"
0,17,289,SQUARE
0,15,60,"DOUBLE,DOUBLE"
0,30,3481,"SUBTRACT_ONE,SUM_PREV,SQUARE"
0,7,6,"SUBTRACT_ONE,ADD_ONE,SUBTRACT_ONE"
0,18,38,"ADD_ONE,DOUBLE"
0,2,0,"SUBTRACT_ONE,SUBTRACT_ONE,DOUBLE"
0,15,900,"DOUBLE,SQUARE"
0,4,16,SQUARE
0,21,42,"DOUBLE,ADD_ONE,SUBTRACT_ONE"
0,9,82,"SQUARE,ADD_ONE"
0,1,2,ADD_ONE
0,24,47,"DOUBLE,SUBTRACT_ONE"
0,25,51,"SUM_PREV,DOUBLE,ADD_ONE"
0,8,9,ADD_ONE
17,5,22,SUM_PREV
0,4,3,SUBTRACT_ONE
0,26,105,"DOUBLE,DOUBLE,ADD_ONE"
0,1,1,"SUBTRACT_ONE,ADD_ONE"
0,27,216,"DOUBLE,DOUBLE,DOUBLE"
0,16,16,"SUM_PREV,SUBTRACT_ONE,ADD_ONE"
0,19,18,SUBTRACT_ONE
0,17,18,ADD_ONE
0,16,32,DOUBLE
0,21,85,"DOUBLE,DOUBLE,ADD_ONE"
0,9,9,SUM_PREV
0,23,138,"DOUBLE,SUM_PREV,DOUBLE"
0,28,56,"SUM_PREV,DOUBLE"
0,29,29,"SUBTRACT_ONE,ADD_ONE"
0,8,10,"ADD_ONE,ADD_ONE"
0,27,26,SUBTRACT_ONE
0,22,484,SQUARE
0,10,81,"SUBTRACT_ONE,SQUARE"
0,10,121,"ADD_ONE,SQUARE"
0,30,900,SQUARE
0,17,291,"SQUARE,ADD_ONE,ADD_ONE"
0,16,257,"SQUARE,ADD_ONE"
0,19,17,"SUM_PREV,SUBTRACT_ONE,SUBTRACT_ONE"
0,25,625,SQUARE
0,14,29,"ADD_ONE,SUM_PREV"
0,15,30,DOUBLE
0,3,5,"ADD_ONE,ADD_ONE"
0,20,22,"ADD_ONE,ADD_ONE"
0,25,624,"SQUARE,SUBTRACT_ONE"
0,26,25,SUBTRACT_ONE
0,3,4,"SUM_PREV,ADD_ONE"
2,11,13,SUM_PREV
0,10,11,"ADD_ONE,SUBTRACT_ONE,ADD_ONE"
0,14,30,"ADD_ONE,DOUBLE"
0,15,28,"SUBTRACT_ONE,DOUBLE"
0,4,7,"SUBTRACT_ONE,ADD_ONE,SUM_PREV"
0,9,7,"SUBTRACT_ONE,SUBTRACT_ONE"
0,12,169,"ADD_ONE,SQUARE"
0,21,882,"SQUARE,DOUBLE"
0,10,22,"SUM_PREV,ADD_ONE,DOUBLE"
0,15,930,"DOUBLE,SQUARE,SUM_PREV"
0,1,2,DOUBLE
0,17,18,"SUBTRACT_ONE,ADD_ONE,ADD_ONE"
0,16,83521,"ADD_ONE,SQUARE,SQUARE"
0,10,121,"SUM_PREV,ADD_ONE,SQUARE"
0,6,12,"SUM_PREV,SUM_PREV"
0,13,22,"SUBTRACT_ONE,SUBTRACT_ONE,DOUBLE"
0,1,2,DOUBLE
0,3,1,"SUBTRACT_ONE,SUBTRACT_ONE"
0,12,13,ADD_ONE
0,4,32,"SUM_PREV,SQUARE,DOUBLE"
0,18,18,SUM_PREV
0,19,19,SUM_PREV
0,3,8,"ADD_ONE,DOUBLE"
0,4,8,DOUBLE
0,10,199,"SQUARE,DOUBLE,SUBTRACT_ONE"
0,3,9,SQUARE
0,10,9,SUBTRACT_ONE
0,8,14,"SUBTRACT_ONE,DOUBLE"
0,17,1225,"ADD_ONE,SUM_PREV,SQUARE"
7,6,13,SUM_PREV
0,22,23,ADD_ONE
0,3,9,"ADD_ONE,ADD_ONE,SUM_PREV"
0,24,2401,"DOUBLE,ADD_ONE,SQUARE"
0,11,22,"SUM_PREV,DOUBLE"
0,2,9,"DOUBLE,ADD_ONE,SUM_PREV"
0,19,18,SUBTRACT_ONE
0,26,702,"SQUARE,SUM_PREV"
0,8,16,DOUBLE
0,19,18,"SUBTRACT_ONE,ADD_ONE,SUBTRACT_ONE"
0,5,4,SUBTRACT_ONE
0,19,76,"SUM_PREV,SUM_PREV,DOUBLE"
0,22,43,"SUBTRACT_ONE,SUM_PREV"
0,11,10,SUBTRACT_ONE
19,10,29,SUM_PREV
0,10,9,SUBTRACT_ONE
0,1,6,"DOUBLE,SQUARE,SUM_PREV"
2,17,19,SUM_PREV
0,13,14,ADD_ONE
0,12,144,SQUARE
0,10,11,ADD_ONE
0,19,361,SQUARE
0,2,3,ADD_ONE
0,14,196,SQUARE
0,17,33,"DOUBLE,SUBTRACT_ONE"
20,9,29,SUM_PREV
0,19,1444,"DOUBLE,SQUARE"
7,5,12,SUM_PREV
0,3,9,SQUARE
0,15,15,SUM_PREV
0,4,32,"SQUARE,DOUBLE"
0,22,43,"SUBTRACT_ONE,ADD_ONE,SUM_PREV"
0,21,22,ADD_ONE
0,8,64,SQUARE
0,5,5,"SUBTRACT_ONE,ADD_ONE"
0,24,1728,"SQUARE,DOUBLE,SUM_PREV"
0,2,0,"SUBTRACT_ONE,SUBTRACT_ONE,DOUBLE"
0,26,27,ADD_ONE
0,13,13,"SUBTRACT_ONE,ADD_ONE"
0,9,12,"ADD_ONE,ADD_ONE,ADD_ONE"
0,7,7,SUM_PREV
0,24,390625,"ADD_ONE,SQUARE,SQUARE"
0,16,45,"SUBTRACT_ONE,DOUBLE,SUM_PREV"
0,14,12,"SUM_PREV,SUBTRACT_ONE,SUBTRACT_ONE"
0,12,23,"SUBTRACT_ONE,SUM_PREV"
0,30,1800,"SUM_PREV,SQUARE,DOUBLE"
0,6,6,"SUBTRACT_ONE,ADD_ONE"
0,6,6,SUM_PREV
2,6,8,SUM_PREV
0,8,7,"SUM_PREV,SUBTRACT_ONE"
0,29,7569,"DOUBLE,SUM_PREV,SQUARE"
14,9,23,SUM_PREV
0,1,0,"SQUARE,SUBTRACT_ONE"
0,12,11,SUBTRACT_ONE
0,30,900,"SUM_PREV,SQUARE"
0,10,9,SUBTRACT_ONE
20,14,34,SUM_PREV
0,10,20,DOUBLE
0,17,35,"ADD_ONE,SUM_PREV"
0,22,968,"SUM_PREV,SQUARE,DOUBLE"
0,16,256,SQUARE
14,1,15,SUM_PREV
0,22,990,"SQUARE,SUM_PREV,SUM_PREV"
0,11,10,SUBTRACT_ONE
0,2,4,DOUBLE
5,14,19,SUM_PREV
0,2,3,ADD_ONE
10,14,24,SUM_PREV
0,4,16,SQUARE
0,18,17,"SUBTRACT_ONE,ADD_ONE,SUBTRACT_ONE"
5,8,13,SUM_PREV
0,24,25,ADD_ONE
0,10,9,SUBTRACT_ONE
0,30,60,DOUBLE
0,28,729,"SUM_PREV,SUBTRACT_ONE,SQUARE"
0,13,338,"SQUARE,DOUBLE"
0,11,12,ADD_ONE
18,17,35,SUM_PREV
0,5,10,DOUBLE
16,3,19,SUM_PREV
0,1,0,"SUBTRACT_ONE,DOUBLE,SUM_PREV"
0,10,110,"SQUARE,SUM_PREV"
0,10,81,"SUM_PREV,SUBTRACT_ONE,SQUARE"
0,3,16,"ADD_ONE,SQUARE"
0,6,10,"SUBTRACT_ONE,DOUBLE"
0,3,49,"DOUBLE,ADD_ONE,SQUARE"
3,5,8,SUM_PREV
0,27,1568,"ADD_ONE,SQUARE,DOUBLE"
0,12,12,SUM_PREV
0,14,13,SUBTRACT_ONE
0,30,60,"SUM_PREV,SUM_PREV"
0,12,23,"SUM_PREV,SUM_PREV,SUBTRACT_ONE"
12,3,15,SUM_PREV
0,20,400,SQUARE
14,4,18,SUM_PREV
0,25,50,"SUM_PREV,SUM_PREV"
0,16,272,"SQUARE,SUM_PREV"
0,27,756,"SQUARE,SUM_PREV"
0,16,18,"ADD_ONE,ADD_ONE"
0,8,24,"DOUBLE,SUM_PREV"
0,12,12,"ADD_ONE,SUBTRACT_ONE"
0,14,28,DOUBLE
0,15,45,"DOUBLE,SUM_PREV"
0,24,96,"DOUBLE,DOUBLE"
0,16,32,"DOUBLE,SUBTRACT_ONE,ADD_ONE"
0,28,27,"ADD_ONE,SUBTRACT_ONE,SUBTRACT_ONE"
0,18,324,SQUARE
0,3,9,SQUARE
14,6,20,SUM_PREV
0,6,18,"DOUBLE,SUM_PREV"
0,5,10,DOUBLE
0,6,5,"SUM_PREV,SUBTRACT_ONE"
0,24,49,"SUM_PREV,ADD_ONE,SUM_PREV"
0,12,23,"SUBTRACT_ONE,SUM_PREV"
0,21,441,SQUARE
0,6,4,"SUM_PREV,SUBTRACT_ONE,SUBTRACT_ONE"
0,20,81,"DOUBLE,ADD_ONE,SUM_PREV"
0,10,18,"SUBTRACT_ONE,DOUBLE"
0,8,257,"DOUBLE,SQUARE,ADD_ONE"
0,10,200,"SQUARE,DOUBLE"
0,12,49,"DOUBLE,DOUBLE,ADD_ONE"
0,14,196,SQUARE
0,2,5,"DOUBLE,SUM_PREV,SUBTRACT_ONE"
0,8,9,"SUBTRACT_ONE,ADD_ONE,ADD_ONE"
0,8,7,SUBTRACT_ONE
0,23,529,SQUARE
0,9,6561,"SQUARE,SQUARE"
0,7,14,"DOUBLE,SUBTRACT_ONE,ADD_ONE"
0,10,20,DOUBLE
0,21,20,"SUBTRACT_ONE,SUBTRACT_ONE,ADD_ONE"
0,27,54,DOUBLE
0,22,88,"SUM_PREV,DOUBLE,DOUBLE"
0,29,57,"SUBTRACT_ONE,DOUBLE,ADD_ONE"
0,30,30,SUM_PREV
0,12,13,ADD_ONE
0,5,4,SUBTRACT_ONE
0,18,68,"SUBTRACT_ONE,DOUBLE,DOUBLE"
0,28,812,"SQUARE,SUM_PREV"
0,4,272,"SQUARE,SQUARE,SUM_PREV"
0,4,15,"SQUARE,SUBTRACT_ONE"
0,4,16,"SUM_PREV,DOUBLE,DOUBLE"
0,23,23,"SUM_PREV,ADD_ONE,SUBTRACT_ONE"
0,2,18,"ADD_ONE,SQUARE,DOUBLE"
0,11,9,"SUBTRACT_ONE,SUBTRACT_ONE"
17,11,28,SUM_PREV
0,20,3600,"DOUBLE,SUM_PREV,SQUARE"
0,25,625,SQUARE
0,4,4,SUM_PREV
0,1,2,DOUBLE
0,11,11,SUM_PREV
0,16,32,"SUBTRACT_ONE,ADD_ONE,DOUBLE"
0,25,577,"SUBTRACT_ONE,SQUARE,ADD_ONE"
0,17,34,"SUBTRACT_ONE,ADD_ONE,DOUBLE"
0,12,24336,"SQUARE,SUM_PREV,SQUARE"
0,22,22,"ADD_ONE,SUBTRACT_ONE"
0,18,18,SUM_PREV
0,2,9,"SQUARE,DOUBLE,ADD_ONE"
0,20,21,ADD_ONE
0,28,29,ADD_ONE
0,2,3,ADD_ONE
0,28,784,SQUARE
0,29,1682,"SQUARE,DOUBLE"
0,4,16,SQUARE
0,4,40,"SQUARE,SUM_PREV,DOUBLE"
0,6,11,"DOUBLE,SUBTRACT_ONE"
16,15,31,SUM_PREV
0,28,52,"SUBTRACT_ONE,SUBTRACT_ONE,DOUBLE"
0,27,28,ADD_ONE
0,4,3,SUBTRACT_ONE
0,25,49,"SUM_PREV,SUM_PREV,SUBTRACT_ONE"
0,14,15,ADD_ONE
0,12,22,"SUBTRACT_ONE,DOUBLE"
0,9,6560,"SQUARE,SQUARE,SUBTRACT_ONE"
0,11,121,"SUBTRACT_ONE,ADD_ONE,SQUARE"
0,14,56,"DOUBLE,DOUBLE"
1,17,18,SUM_PREV
0,27,108,"DOUBLE,DOUBLE"
0,4,4,"SUBTRACT_ONE,SUBTRACT_ONE,DOUBLE"
0,28,614656,"SQUARE,SQUARE"
0,29,30,ADD_ONE
0,27,26,SUBTRACT_ONE
0,23,46,"SUM_PREV,SUM_PREV"
15,14,29,SUM_PREV
0,9,10,ADD_ONE
0,29,115,"DOUBLE,SUBTRACT_ONE,SUM_PREV"
0,7,441,"DOUBLE,SUM_PREV,SQUARE"
0,18,16,"SUBTRACT_ONE,SUBTRACT_ONE"
0,28,659344,"SQUARE,SUM_PREV,SQUARE"
0,23,484,"SUM_PREV,SUBTRACT_ONE,SQUARE"
0,25,49,"DOUBLE,SUBTRACT_ONE"
0,19,38,DOUBLE
0,13,12,SUBTRACT_ONE
0,23,24,ADD_ONE
0,27,27,SUM_PREV
0,6,6,SUM_PREV
0,3,6,"ADD_ONE,SUBTRACT_ONE,DOUBLE"
0,16,16,SUM_PREV
0,13,14,ADD_ONE
4,12,16,SUM_PREV
0,1,2,ADD_ONE
0,19,1521,"DOUBLE,ADD_ONE,SQUARE"
0,25,75,"SUM_PREV,SUM_PREV,SUM_PREV"
0,4,7,"SUBTRACT_ONE,SUM_PREV"
0,29,841,"SUBTRACT_ONE,ADD_ONE,SQUARE"
13,7,20,SUM_PREV
0,11,120,"SQUARE,SUBTRACT_ONE"
6,4,10,SUM_PREV
0,17,104976,"ADD_ONE,SQUARE,SQUARE"
10,17,27,SUM_PREV
0,6,22,"SUBTRACT_ONE,SUM_PREV,DOUBLE"
0,14,38809,"SQUARE,ADD_ONE,SQUARE"
0,30,58,"SUM_PREV,SUBTRACT_ONE,DOUBLE"
0,29,57,"SUBTRACT_ONE,SUM_PREV"
0,25,100,"DOUBLE,DOUBLE"
0,28,84,"SUM_PREV,DOUBLE,SUM_PREV"
0,2,0,"SUBTRACT_ONE,SUBTRACT_ONE,SQUARE"
0,13,24,"SUBTRACT_ONE,DOUBLE"
17,1,18,SUM_PREV
0,8,8,SUM_PREV
18,16,34,SUM_PREV
0,17,34,DOUBLE
8,10,18,SUM_PREV
0,20,20,SUM_PREV
4,16,20,SUM_PREV
0,19,76,"SUM_PREV,SUM_PREV,DOUBLE"
0,23,23,SUM_PREV
0,17,17,"ADD_ONE,SUBTRACT_ONE"
0,13,28560,"SQUARE,SQUARE,SUBTRACT_ONE"
0,6,14,"ADD_ONE,DOUBLE"
0,10,22,"ADD_ONE,SUM_PREV,ADD_ONE"
20,8,28,SUM_PREV
0,27,52,"SUM_PREV,SUBTRACT_ONE,DOUBLE"
0,15,14,SUBTRACT_ONE
0,5,4,"SUM_PREV,SUBTRACT_ONE"
0,14,15,ADD_ONE
0,13,26,DOUBLE
0,24,50,"ADD_ONE,DOUBLE"
0,22,20,"SUBTRACT_ONE,SUBTRACT_ONE"
0,3,81,"SUM_PREV,SQUARE,SQUARE"
0,19,361,SQUARE
0,2,5,"DOUBLE,ADD_ONE"
0,3,3,SUM_PREV
0,2,3,ADD_ONE
0,14,38416,"SQUARE,SQUARE"
0,1,3,"DOUBLE,SQUARE,SUBTRACT_ONE"
0,15,452,"SQUARE,ADD_ONE,DOUBLE"
0,21,21,SUM_PREV
0,2,10,"DOUBLE,ADD_ONE,DOUBLE"
0,20,41,"DOUBLE,ADD_ONE"
1,17,18,SUM_PREV
0,22,484,SQUARE
0,4,32,"SQUARE,DOUBLE"
0,5,9,"SUM_PREV,DOUBLE,SUBTRACT_ONE"
0,25,624,"SQUARE,SUBTRACT_ONE"
0,10,98,"SQUARE,SUBTRACT_ONE,SUBTRACT_ONE"
0,19,362,"SQUARE,ADD_ONE"
0,12,25,"ADD_ONE,DOUBLE,SUBTRACT_ONE"
0,10,9,SUBTRACT_ONE
0,24,2303,"DOUBLE,SQUARE,SUBTRACT_ONE"
18,10,28,SUM_PREV
0,4,12,"DOUBLE,SUM_PREV"
0,25,576,"SUBTRACT_ONE,SQUARE"
0,24,47,"DOUBLE,SUBTRACT_ONE"
0,27,26,SUBTRACT_ONE
0,11,22,DOUBLE
0,18,647,"SQUARE,DOUBLE,SUBTRACT_ONE"
0,28,60,"ADD_ONE,ADD_ONE,DOUBLE"
0,25,650,"SQUARE,SUM_PREV"
0,21,42,DOUBLE
0,13,26,DOUBLE
0,24,48,DOUBLE
0,16,15,"SUM_PREV,SUBTRACT_ONE"
11,4,15,SUM_PREV
0,11,33,"DOUBLE,SUM_PREV"
0,16,17,"SUBTRACT_ONE,ADD_ONE,ADD_ONE"
15,19,34,SUM_PREV
0,1,6,"DOUBLE,SUM_PREV,DOUBLE"
16,2,18,SUM_PREV
0,10,30,"DOUBLE,SUM_PREV"
0,8,7,SUBTRACT_ONE
0,17,51,"DOUBLE,SUM_PREV"
0,12,11,"SUM_PREV,SUBTRACT_ONE"
0,14,31,"ADD_ONE,DOUBLE,ADD_ONE"
0,27,26,SUBTRACT_ONE
0,4,4,"SUBTRACT_ONE,ADD_ONE"
0,23,45,"SUBTRACT_ONE,DOUBLE,ADD_ONE"
0,24,24,SUM_PREV
0,24,23,"SUM_PREV,SUBTRACT_ONE"
0,11,22,DOUBLE
11,16,27,SUM_PREV
0,28,84,"DOUBLE,SUM_PREV"
0,10,120,"ADD_ONE,SQUARE,SUBTRACT_ONE"
0,29,840,"SQUARE,SUBTRACT_ONE"
0,29,59,"ADD_ONE,SUM_PREV"
0,27,28,ADD_ONE
0,3,6,"ADD_ONE,SUM_PREV,SUBTRACT_ONE"
0,29,56,"SUBTRACT_ONE,DOUBLE"
0,6,5,SUBTRACT_ONE
0,2,5,"SUM_PREV,DOUBLE,ADD_ONE"
0,15,450,"SQUARE,DOUBLE"
0,29,3364,"SQUARE,DOUBLE,DOUBLE"
0,4,16,"DOUBLE,DOUBLE"
0,27,26,SUBTRACT_ONE
0,15,15,"SUBTRACT_ONE,ADD_ONE"
0,6,24,"SUBTRACT_ONE,SQUARE,SUBTRACT_ONE"
0,24,25,ADD_ONE
13,8,21,SUM_PREV
0,30,900,SQUARE
0,26,27,ADD_ONE
0,7,49,"SUM_PREV,SQUARE"
0,15,226,"SQUARE,ADD_ONE"
0,26,54,"ADD_ONE,DOUBLE"
0,29,28,SUBTRACT_ONE
0,28,3249,"ADD_ONE,SUM_PREV,SQUARE"
0,29,57,"SUM_PREV,SUBTRACT_ONE,SUM_PREV"
0,12,12,"SUBTRACT_ONE,ADD_ONE"
0,2,36,"ADD_ONE,DOUBLE,SQUARE"
0,5,72,"ADD_ONE,SQUARE,DOUBLE"
0,27,55,"ADD_ONE,SUM_PREV"
0,6,11,"DOUBLE,SUBTRACT_ONE"
0,3,18,"DOUBLE,DOUBLE,SUM_PREV"
0,5,400,"DOUBLE,DOUBLE,SQUARE"
0,23,530,"SQUARE,ADD_ONE"
0,4,3,SUBTRACT_ONE
0,8,289,"DOUBLE,ADD_ONE,SQUARE"
0,22,22,SUM_PREV
0,3,12,"DOUBLE,DOUBLE"
0,14,197,"SUM_PREV,SQUARE,ADD_ONE"
0,20,40,DOUBLE
0,28,2916,"SUBTRACT_ONE,DOUBLE,SQUARE"
0,12,24,"SUM_PREV,DOUBLE"
0,12,169,"ADD_ONE,SQUARE"
0,1,-1,"SQUARE,SUBTRACT_ONE,SUBTRACT_ONE"
0,17,102,"DOUBLE,DOUBLE,SUM_PREV"
0,15,60,"DOUBLE,DOUBLE"
0,15,15,"SUM_PREV,ADD_ONE,SUBTRACT_ONE"
0,3,9,"ADD_ONE,DOUBLE,ADD_ONE"
0,30,3600,"DOUBLE,SQUARE"
0,25,25,"SUM_PREV,ADD_ONE,SUBTRACT_ONE"
0,27,54,DOUBLE
0,29,30,ADD_ONE
0,18,55,"DOUBLE,SUM_PREV,ADD_ONE"
0,24,25,"SUBTRACT_ONE,ADD_ONE,ADD_ONE"
14,12,26,SUM_PREV
0,5,6,"SUM_PREV,ADD_ONE"
0,15,50625,"SQUARE,SQUARE"
0,12,144,"SQUARE,ADD_ONE,SUBTRACT_ONE"
0,6,10,"SUBTRACT_ONE,SUM_PREV,SUBTRACT_ONE"
0,5,4,SUBTRACT_ONE
0,15,224,"SUM_PREV,SQUARE,SUBTRACT_ONE"
0,24,24,SUM_PREV
0,6,5,"SUBTRACT_ONE,ADD_ONE,SUBTRACT_ONE"
0,11,21,"SUBTRACT_ONE,SUM_PREV"
0,11,13,"ADD_ONE,ADD_ONE"
0,22,485,"SQUARE,ADD_ONE"
0,4,12,"SUM_PREV,SUM_PREV,SUM_PREV"
0,30,61,"SUM_PREV,DOUBLE,ADD_ONE"
0,15,225,SQUARE
0,20,19,SUBTRACT_ONE
0,21,442,"SQUARE,ADD_ONE"
19,19,38,SUM_PREV
0,15,31,"ADD_ONE,SUM_PREV"
0,25,26,ADD_ONE
0,14,16,"ADD_ONE,ADD_ONE"
0,13,26,"SUM_PREV,DOUBLE"
0,4,10,"ADD_ONE,DOUBLE"
12,13,25,SUM_PREV
6,7,13,SUM_PREV
0,30,30,"SUBTRACT_ONE,ADD_ONE"
0,11,156,"ADD_ONE,SQUARE,SUM_PREV"
0,26,27,ADD_ONE
0,29,841,SQUARE
0,12,11,SUBTRACT_ONE
0,19,380,"SQUARE,SUM_PREV"
0,14,14,SUM_PREV
0,4,8,"ADD_ONE,SUM_PREV,SUBTRACT_ONE"
0,12,13,ADD_ONE
14,17,31,SUM_PREV
0,6,13,"DOUBLE,ADD_ONE"
0,12,144,"SQUARE,ADD_ONE,SUBTRACT_ONE"
0,14,26,"SUM_PREV,SUBTRACT_ONE,DOUBLE"
0,16,15,SUBTRACT_ONE
0,15,60,"DOUBLE,DOUBLE"
0,24,24,SUM_PREV
0,30,902,"SQUARE,ADD_ONE,ADD_ONE"
0,11,22,DOUBLE
0,9,17,"DOUBLE,SUBTRACT_ONE"
0,12,14,"ADD_ONE,ADD_ONE"
0,26,27,"SUM_PREV,ADD_ONE"
0,19,57,"DOUBLE,SUM_PREV"
0,8,72,"SUM_PREV,SQUARE,SUM_PREV"
0,6,13,"ADD_ONE,SUBTRACT_ONE,SUM_PREV"
0,11,121,SQUARE
0,6,24,"SUM_PREV,SUM_PREV,DOUBLE"
0,8,64,"SQUARE,ADD_ONE,SUBTRACT_ONE"
0,23,46,"SUM_PREV,SUM_PREV"
0,22,66,"DOUBLE,SUM_PREV"
0,26,51,"SUBTRACT_ONE,SUM_PREV"
0,11,10,"SUM_PREV,SUBTRACT_ONE"
0,1,4,"SUM_PREV,DOUBLE,SQUARE"
0,23,67,"SUBTRACT_ONE,SUM_PREV,SUM_PREV"
0,22,2025,"ADD_ONE,SUM_PREV,SQUARE"
0,15,14,"ADD_ONE,SUBTRACT_ONE,SUBTRACT_ONE"
0,14,785,"DOUBLE,SQUARE,ADD_ONE"
0,1,0,"SUBTRACT_ONE,DOUBLE"
0,6,49,"ADD_ONE,SQUARE"
0,30,29,SUBTRACT_ONE
0,25,625,SQUARE
0,22,44,"SUM_PREV,DOUBLE"
0,20,76,"SUBTRACT_ONE,DOUBLE,DOUBLE"
0,9,8,SUBTRACT_ONE
0,7,15,"ADD_ONE,SUM_PREV"
0,4,6,"SUBTRACT_ONE,DOUBLE"
0,12,121,"SUBTRACT_ONE,SQUARE"
0,24,47,"SUBTRACT_ONE,SUM_PREV"
0,23,46,DOUBLE
0,30,32,"ADD_ONE,ADD_ONE"
0,29,3600,"ADD_ONE,DOUBLE,SQUARE"
0,3,6,"SUM_PREV,SUM_PREV"
0,22,483,"SQUARE,SUBTRACT_ONE"
0,6,7,ADD_ONE
0,20,19,SUBTRACT_ONE
13,19,32,SUM_PREV
0,22,968,"SQUARE,DOUBLE"
0,13,13,"SUBTRACT_ONE,ADD_ONE"
0,18,17,SUBTRACT_ONE
0,16,15,"SUBTRACT_ONE,ADD_ONE,SUBTRACT_ONE"
0,7,49,SQUARE
0,23,45,"SUM_PREV,SUM_PREV,SUBTRACT_ONE"
0,20,40,"ADD_ONE,SUBTRACT_ONE,DOUBLE"
0,16,1024,"DOUBLE,SQUARE"
9,1,10,SUM_PREV
0,2,4,SQUARE
0,12,13,ADD_ONE
0,22,44,"SUBTRACT_ONE,ADD_ONE,DOUBLE"
0,3,6,"DOUBLE,SUBTRACT_ONE,ADD_ONE"
0,15,14,SUBTRACT_ONE
0,8,64,SQUARE
0,5,16,"DOUBLE,SUM_PREV,ADD_ONE"
0,5,13,"ADD_ONE,DOUBLE,ADD_ONE"
0,23,529,"SUM_PREV,SQUARE"
0,3,24,"SQUARE,SUM_PREV,DOUBLE"
0,9,7,"SUBTRACT_ONE,SUBTRACT_ONE"
0,1,3,"SQUARE,SUM_PREV,ADD_ONE"
0,6,13,"ADD_ONE,SUM_PREV"
18,8,26,SUM_PREV
0,26,2704,"DOUBLE,SQUARE"
0,19,38,DOUBLE
0,10,40,"DOUBLE,DOUBLE"
0,11,44,"DOUBLE,DOUBLE"
0,5,1250,"SQUARE,SQUARE,DOUBLE"
0,20,21,ADD_ONE
0,16,1023,"DOUBLE,SQUARE,SUBTRACT_ONE"
0,8,17,"ADD_ONE,SUM_PREV"
0,30,3364,"SUBTRACT_ONE,DOUBLE,SQUARE"
0,1,0,SUBTRACT_ONE
0,22,22,SUM_PREV
0,18,19,"SUM_PREV,ADD_ONE"
0,19,18,SUBTRACT_ONE
0,2,1,SUBTRACT_ONE
0,3,7,"SUM_PREV,DOUBLE,ADD_ONE"
0,10,30,"DOUBLE,SUM_PREV"
0,22,485,"SQUARE,ADD_ONE"
0,21,42,DOUBLE
0,17,51,"DOUBLE,SUM_PREV"
0,2,16,"DOUBLE,SQUARE"
0,28,140,"DOUBLE,SUM_PREV,SUM_PREV"
0,26,2756,"DOUBLE,SQUARE,SUM_PREV"
0,19,38,"ADD_ONE,SUBTRACT_ONE,DOUBLE"
0,9,17,"SUM_PREV,SUBTRACT_ONE,SUM_PREV"
0,10,100,SQUARE
0,17,30,"SUBTRACT_ONE,SUBTRACT_ONE,DOUBLE"
0,27,729,"SUM_PREV,SQUARE"
0,6,49,"ADD_ONE,SQUARE"
0,3,36,"DOUBLE,SQUARE"
0,29,58,DOUBLE
0,24,45,"SUBTRACT_ONE,DOUBLE,SUBTRACT_ONE"
0,12,287,"SQUARE,SUBTRACT_ONE,SUM_PREV"
0,19,721,"SQUARE,SUBTRACT_ONE,SUM_PREV"
20,16,36,SUM_PREV
0,14,15,ADD_ONE
0,14,44100,"SQUARE,SUM_PREV,SQUARE"
0,25,2401,"DOUBLE,SUBTRACT_ONE,SQUARE"
0,22,234256,"SQUARE,SQUARE"
0,24,625,"SUM_PREV,ADD_ONE,SQUARE"
0,7,7,SUM_PREV
0,22,484,SQUARE
0,24,23,SUBTRACT_ONE
0,20,22,"SUM_PREV,ADD_ONE,ADD_ONE"
0,14,14,"ADD_ONE,SUBTRACT_ONE"
0,2,3,"SUBTRACT_ONE,DOUBLE,SUM_PREV"
18,13,31,SUM_PREV
0,21,881,"SQUARE,SUBTRACT_ONE,SUM_PREV"
0,19,38,"DOUBLE,SUBTRACT_ONE,ADD_ONE"
0,25,51,"SUM_PREV,ADD_ONE,SUM_PREV"
0,17,579,"SQUARE,DOUBLE,ADD_ONE"
0,19,19,SUM_PREV
0,27,729,SQUARE
0,5,10,"SUM_PREV,SUM_PREV"
0,21,44,"DOUBLE,ADD_ONE,ADD_ONE"
0,2,3,ADD_ONE
0,24,2304,"DOUBLE,SQUARE"
0,10,20,"SUM_PREV,SUM_PREV"
0,17,255,"SUBTRACT_ONE,SQUARE,SUBTRACT_ONE"
0,12,143,"SQUARE,SUBTRACT_ONE"
20,17,37,SUM_PREV
0,27,26,SUBTRACT_ONE
0,27,729,SQUARE
0,26,52,"DOUBLE,ADD_ONE,SUBTRACT_ONE"
0,12,22,"SUBTRACT_ONE,SUM_PREV,SUBTRACT_ONE"
0,3,14,"ADD_ONE,SUM_PREV,DOUBLE"
0,5,16,"SUM_PREV,SUBTRACT_ONE,SQUARE"
0,22,45,"SUM_PREV,SUM_PREV,ADD_ONE"
0,23,24,ADD_ONE
0,21,21,SUM_PREV
0,19,19,SUM_PREV
0,25,24,SUBTRACT_ONE
0,15,1800,"DOUBLE,SQUARE,DOUBLE"
0,7,49,SQUARE
17,12,29,SUM_PREV
14,5,19,SUM_PREV
0,22,42,"SUBTRACT_ONE,DOUBLE"
0,5,30,"SQUARE,SUM_PREV"
0,17,1156,"DOUBLE,SQUARE"
0,7,2304,"SQUARE,SUBTRACT_ONE,SQUARE"
0,11,22,DOUBLE
0,18,1296,"DOUBLE,SQUARE"
0,29,28,SUBTRACT_ONE
0,13,13,SUM_PREV
0,3,16,"SUM_PREV,ADD_ONE,SQUARE"
19,1,20,SUM_PREV
6,16,22,SUM_PREV
0,17,16,SUBTRACT_ONE
0,24,48,DOUBLE
0,25,51,"ADD_ONE,SUM_PREV"
0,16,15,SUBTRACT_ONE
17,5,22,SUM_PREV
0,12,1296,"DOUBLE,SUM_PREV,SQUARE"
0,18,17,SUBTRACT_ONE
0,20,60,"DOUBLE,SUM_PREV"
0,16,33,"ADD_ONE,SUM_PREV"
20,10,30,SUM_PREV
0,4,7,"SUBTRACT_ONE,SUM_PREV"
0,27,51,"SUBTRACT_ONE,SUBTRACT_ONE,SUM_PREV"
0,12,144,"SQUARE,SUBTRACT_ONE,ADD_ONE"
0,6,5,"SUM_PREV,SUBTRACT_ONE"
0,13,26,DOUBLE
0,16,226,"SUBTRACT_ONE,SQUARE,ADD_ONE"
0,27,106,"SUBTRACT_ONE,SUM_PREV,DOUBLE"
1,8,9,SUM_PREV
0,13,27,"ADD_ONE,SUM_PREV"
0,28,28,SUM_PREV
0,28,87,"ADD_ONE,DOUBLE,SUM_PREV"
0,29,784,"SUM_PREV,SUBTRACT_ONE,SQUARE"
0,22,1936,"DOUBLE,SQUARE"
0,21,20,SUBTRACT_ONE
12,12,24,SUM_PREV
0,29,841,"SUM_PREV,SQUARE"
0,8,8,"SUBTRACT_ONE,ADD_ONE"
0,3,25,"SUBTRACT_ONE,SUM_PREV,SQUARE"
20,16,36,SUM_PREV
0,6,71,"SQUARE,DOUBLE,SUBTRACT_ONE"
0,8,9,"ADD_ONE,SUBTRACT_ONE,ADD_ONE"
0,17,18,ADD_ONE
0,7,98,"SQUARE,DOUBLE"
0,10,242,"ADD_ONE,SQUARE,DOUBLE"
0,10,10,SUM_PREV
8,2,10,SUM_PREV
0,18,17,"SUM_PREV,SUBTRACT_ONE"
0,25,100,"SUM_PREV,DOUBLE,DOUBLE"
0,27,2809,"DOUBLE,SUBTRACT_ONE,SQUARE"
0,29,55,"SUBTRACT_ONE,DOUBLE,SUBTRACT_ONE"
20,5,25,SUM_PREV
0,2,17,"DOUBLE,SQUARE,ADD_ONE"
0,29,28,"ADD_ONE,SUBTRACT_ONE,SUBTRACT_ONE"
0,27,729,SQUARE
0,15,48,"ADD_ONE,DOUBLE,SUM_PREV"
0,24,625,"ADD_ONE,SQUARE"
0,3,12,"SQUARE,SUM_PREV"
0,8,4095,"SQUARE,SQUARE,SUBTRACT_ONE"
0,1,3,"DOUBLE,DOUBLE,SUBTRACT_ONE"
0,14,13,SUBTRACT_ONE
8,14,22,SUM_PREV
0,25,650,"SQUARE,SUM_PREV"
0,29,28,SUBTRACT_ONE
0,4,15,"ADD_ONE,DOUBLE,SUM_PREV"
0,18,18,"SUBTRACT_ONE,ADD_ONE"
0,6,36,SQUARE
0,26,26,"SUBTRACT_ONE,ADD_ONE"
0,23,91,"DOUBLE,SUBTRACT_ONE,SUM_PREV"
0,27,55,"DOUBLE,ADD_ONE"
0,13,15,"ADD_ONE,ADD_ONE"
0,26,27,ADD_ONE
0,26,676,"SUBTRACT_ONE,ADD_ONE,SQUARE"
0,24,24,SUM_PREV
0,27,729,SQUARE
8,18,26,SUM_PREV
0,18,36,"SUM_PREV,SUM_PREV"
0,15,14,"SUBTRACT_ONE,ADD_ONE,SUBTRACT_ONE"
0,22,47,"ADD_ONE,DOUBLE,ADD_ONE"
0,5,32,"SUBTRACT_ONE,SQUARE,DOUBLE"
0,9,10,ADD_ONE
0,6,6,SUM_PREV
0,9,18,"SUM_PREV,SUM_PREV"
6,2,8,SUM_PREV
0,5,10,DOUBLE
0,5,25,SQUARE
0,30,31,"ADD_ONE,ADD_ONE,SUBTRACT_ONE"
0,11,11,"ADD_ONE,SUBTRACT_ONE"
0,23,44,"DOUBLE,SUBTRACT_ONE,SUBTRACT_ONE"
0,24,49,"DOUBLE,ADD_ONE"
0,8,4096,"SQUARE,SQUARE"
0,5,8,"SUBTRACT_ONE,DOUBLE"
0,26,26,SUM_PREV
6,7,13,SUM_PREV
0,17,32,"SUBTRACT_ONE,DOUBLE"
0,1,-1,"SUBTRACT_ONE,SUBTRACT_ONE"
0,5,8,"SUBTRACT_ONE,DOUBLE"
0,5,36,"ADD_ONE,SQUARE"
0,7,49,SQUARE
0,7,16,"DOUBLE,ADD_ONE,ADD_ONE"
0,9,19,"ADD_ONE,SUBTRACT_ONE,SUM_PREV"
0,6,14,"SUM_PREV,ADD_ONE,DOUBLE"
18,6,24,SUM_PREV
0,24,24,SUM_PREV
0,1,4,"ADD_ONE,DOUBLE"
0,22,1936,"SQUARE,DOUBLE,DOUBLE"
0,15,210,"SUBTRACT_ONE,SQUARE,SUM_PREV"
0,12,20,"SUBTRACT_ONE,SUBTRACT_ONE,DOUBLE"
0,23,22,SUBTRACT_ONE
0,10,10,"SUM_PREV,ADD_ONE,SUBTRACT_ONE"
0,10,11,ADD_ONE
0,8,256,"DOUBLE,SQUARE"
0,22,45,"SUM_PREV,SUM_PREV,ADD_ONE"
0,23,530,"SQUARE,ADD_ONE"
0,28,614656,"SQUARE,SQUARE"
0,25,49,"DOUBLE,SUBTRACT_ONE"
0,4,16,"DOUBLE,DOUBLE"
0,6,24,"SUBTRACT_ONE,SQUARE,SUBTRACT_ONE"
0,14,28,DOUBLE
15,16,31,SUM_PREV
0,11,121,SQUARE
0,11,20,"SUBTRACT_ONE,DOUBLE"
0,13,13,SUM_PREV
0,13,39,"DOUBLE,SUM_PREV"
0,3,10,"SQUARE,ADD_ONE"
0,16,513,"SQUARE,ADD_ONE,SUM_PREV"
0,14,197,"SQUARE,ADD_ONE"
0,23,529,SQUARE
0,8,5184,"SQUARE,SUM_PREV,SQUARE"
0,11,132,"SQUARE,SUM_PREV"
0,25,25,SUM_PREV
0,1,0,"SUBTRACT_ONE,SQUARE"
18,6,24,SUM_PREV
0,2,8,"DOUBLE,DOUBLE"
0,25,26,ADD_ONE
0,10,100,SQUARE
0,4,16,"DOUBLE,DOUBLE"
0,9,9,SUM_PREV
0,25,626,"SQUARE,ADD_ONE"
0,2,4,DOUBLE
0,2,2,"SUBTRACT_ONE,ADD_ONE"
0,7,57,"SQUARE,SUM_PREV,ADD_ONE"
5,9,14,SUM_PREV
0,28,3136,"DOUBLE,SQUARE"
0,18,34,"SUBTRACT_ONE,DOUBLE"
0,28,56,"SUM_PREV,DOUBLE"
11,9,20,SUM_PREV
0,15,450,"SQUARE,DOUBLE"
0,19,19,SUM_PREV
0,24,9216,"DOUBLE,DOUBLE,SQUARE"
0,28,27,SUBTRACT_ONE
0,12,156,"SQUARE,SUM_PREV"
0,23,1059,"SQUARE,DOUBLE,ADD_ONE"
0,13,26,DOUBLE
0,10,9999,"SQUARE,SQUARE,SUBTRACT_ONE"
6,15,21,SUM_PREV
0,14,14,SUM_PREV
0,16,65025,"SQUARE,SUBTRACT_ONE,SQUARE"
12,9,21,SUM_PREV
11,16,27,SUM_PREV
0,9,8,SUBTRACT_ONE
0,17,289,SQUARE
0,18,52,"SUBTRACT_ONE,SUM_PREV,SUM_PREV"
0,18,647,"SQUARE,DOUBLE,SUBTRACT_ONE"
0,30,842,"SUBTRACT_ONE,SQUARE,ADD_ONE"
0,13,26,DOUBLE
0,26,676,"SQUARE,SUBTRACT_ONE,ADD_ONE"
0,14,390,"SQUARE,SUBTRACT_ONE,DOUBLE"
0,9,7,"SUBTRACT_ONE,SUBTRACT_ONE"
0,30,808201,"SQUARE,SUBTRACT_ONE,SQUARE"
0,4,100,"ADD_ONE,DOUBLE,SQUARE"
0,20,40,DOUBLE
0,3,13,"DOUBLE,ADD_ONE,SUM_PREV"
0,26,27,ADD_ONE
0,14,13,SUBTRACT_ONE
0,11,485,"DOUBLE,SQUARE,ADD_ONE"
0,21,40,"SUBTRACT_ONE,SUM_PREV,SUBTRACT_ONE"
15,19,34,SUM_PREV
0,4,9,"SUM_PREV,SUM_PREV,ADD_ONE"
0,30,61,"ADD_ONE,SUM_PREV"
0,24,576,SQUARE
0,4,20,"DOUBLE,SUM_PREV,SUM_PREV"
0,26,27,ADD_ONE
0,1,2,"ADD_ONE,SUBTRACT_ONE,DOUBLE"
0,15,900,"DOUBLE,SQUARE"
13,15,28,SUM_PREV
6,10,16,SUM_PREV
0,5,4,SUBTRACT_ONE
8,10,18,SUM_PREV
0,23,2116,"SUM_PREV,SUM_PREV,SQUARE"
0,14,38417,"SQUARE,SQUARE,ADD_ONE"
0,30,60,DOUBLE
0,12,576,"DOUBLE,SQUARE"
0,18,361,"ADD_ONE,SQUARE"
0,18,324,SQUARE
0,13,25,"SUBTRACT_ONE,SUM_PREV"
0,19,37,"SUBTRACT_ONE,SUM_PREV"
0,7,6,"SUM_PREV,SUBTRACT_ONE"
0,29,58,"SUM_PREV,SUM_PREV"
0,10,9,SUBTRACT_ONE
0,12,121,"SUBTRACT_ONE,SQUARE"
0,29,60,"ADD_ONE,DOUBLE"
0,12,169,"ADD_ONE,SQUARE"
0,11,10000,"SUBTRACT_ONE,SQUARE,SQUARE"
0,12,331776,"DOUBLE,SQUARE,SQUARE"
0,26,25,SUBTRACT_ONE
0,30,120,"DOUBLE,DOUBLE"
4,15,19,SUM_PREV
0,9,8,SUBTRACT_ONE
0,6,36,"SQUARE,SUBTRACT_ONE,ADD_ONE"
0,7,6,"ADD_ONE,SUBTRACT_ONE,SUBTRACT_ONE"
0,23,576,"ADD_ONE,SQUARE"
0,26,25,"SUM_PREV,SUBTRACT_ONE"
0,3,6,DOUBLE
0,27,54,DOUBLE
10,13,23,SUM_PREV
0,30,60,"SUM_PREV,SUM_PREV"
0,9,24,"SUBTRACT_ONE,DOUBLE,SUM_PREV"
0,29,28,"SUM_PREV,SUBTRACT_ONE"
0,10,20,"DOUBLE,SUBTRACT_ONE,ADD_ONE"
0,7,7,SUM_PREV
0,8,7,"SUM_PREV,SUBTRACT_ONE"
0,11,21,"DOUBLE,SUBTRACT_ONE"
0,27,27,SUM_PREV
0,9,324,"DOUBLE,SQUARE"
0,9,90,"SQUARE,SUM_PREV"
0,30,31,ADD_ONE
0,14,40,"SUBTRACT_ONE,SUM_PREV,SUM_PREV"
0,17,17,"SUM_PREV,ADD_ONE,SUBTRACT_ONE"
0,23,22,SUBTRACT_ONE
0,10,10000,"SQUARE,SQUARE"
0,16,256,"SUM_PREV,SQUARE"
0,18,36,DOUBLE
0,15,449,"SQUARE,SUBTRACT_ONE,SUM_PREV"
0,4,7,"SUBTRACT_ONE,ADD_ONE,SUM_PREV"
0,7,8,ADD_ONE
0,12,27,"ADD_ONE,ADD_ONE,SUM_PREV"
0,2,1,SUBTRACT_ONE
0,17,1225,"ADD_ONE,SUM_PREV,SQUARE"
0,18,18,SUM_PREV
0,16,18,"ADD_ONE,ADD_ONE"
0,18,36,DOUBLE
0,3,4,"SUBTRACT_ONE,DOUBLE"
0,13,196,"ADD_ONE,SQUARE"
0,25,702,"ADD_ONE,SQUARE,SUM_PREV"
0,29,58,DOUBLE
0,26,27,ADD_ONE
0,28,840,"ADD_ONE,SQUARE,SUBTRACT_ONE"
0,8,14,"DOUBLE,SUBTRACT_ONE,SUBTRACT_ONE"
17,14,31,SUM_PREV
0,15,451,"SQUARE,DOUBLE,ADD_ONE"
0,4,7,"SUBTRACT_ONE,ADD_ONE,SUM_PREV"
0,7,14,DOUBLE
0,18,37,"DOUBLE,ADD_ONE"
0,28,56,"ADD_ONE,SUM_PREV,SUBTRACT_ONE"
0,7,7,"SUBTRACT_ONE,ADD_ONE"
0,20,21,ADD_ONE
8,5,13,SUM_PREV
14,8,22,SUM_PREV
0,16,289,"ADD_ONE,SQUARE"
3,15,18,SUM_PREV
0,24,576,"SQUARE,ADD_ONE,SUBTRACT_ONE"
0,4,64,"DOUBLE,SQUARE"
0,4,49,"SUBTRACT_ONE,SUM_PREV,SQUARE"
0,28,27,SUBTRACT_ONE
0,22,66,"DOUBLE,SUM_PREV"
7,9,16,SUM_PREV
0,6,169,"DOUBLE,ADD_ONE,SQUARE"
0,9,10000,"ADD_ONE,SQUARE,SQUARE"
13,20,33,SUM_PREV
0,7,14,"SUBTRACT_ONE,SUM_PREV,ADD_ONE"
0,28,29,"SUBTRACT_ONE,ADD_ONE,ADD_ONE"
0,9,40,"ADD_ONE,DOUBLE,DOUBLE"
0,18,324,SQUARE
0,27,26,SUBTRACT_ONE
0,23,529,SQUARE
0,26,27,ADD_ONE
0,1,3,"SUM_PREV,ADD_ONE,SUM_PREV"
0,11,10,SUBTRACT_ONE
0,14,15,ADD_ONE
0,28,56,DOUBLE
0,7,50,"SQUARE,ADD_ONE"
4,20,24,SUM_PREV
0,30,900,"SUM_PREV,SQUARE"
0,23,22,"SUM_PREV,SUBTRACT_ONE"
0,1,5,"ADD_ONE,SUM_PREV,SUM_PREV"
0,29,840,"SQUARE,SUBTRACT_ONE"
0,4,4,SUM_PREV
0,16,16,SUM_PREV
20,4,24,SUM_PREV
0,10,19,"SUBTRACT_ONE,SUM_PREV"
0,16,256,"SQUARE,SUBTRACT_ONE,ADD_ONE"
0,4,16,SQUARE
0,22,21,SUBTRACT_ONE
0,1,4,"DOUBLE,SQUARE"
0,30,90,"DOUBLE,SUM_PREV"
0,19,38,DOUBLE
0,29,62,"ADD_ONE,ADD_ONE,DOUBLE"
0,1,1,"SQUARE,SUBTRACT_ONE,SUM_PREV"
13,14,27,SUM_PREV
0,18,35,"SUM_PREV,SUBTRACT_ONE,SUM_PREV"
0,7,64,"ADD_ONE,SQUARE"
0,23,24,ADD_ONE
0,9,19,"ADD_ONE,DOUBLE,SUBTRACT_ONE"
19,8,27,SUM_PREV
0,4,81,"SUBTRACT_ONE,SQUARE,SQUARE"
0,16,15,SUBTRACT_ONE
0,25,100,"DOUBLE,DOUBLE"
0,6,24,"SUM_PREV,SUM_PREV,DOUBLE"
14,6,20,SUM_PREV
18,14,32,SUM_PREV
0,13,1521,"DOUBLE,SUM_PREV,SQUARE"
0,25,125,"DOUBLE,SUM_PREV,SUM_PREV"
0,30,30,"SUBTRACT_ONE,ADD_ONE"
0,18,36,DOUBLE
0,13,26,DOUBLE
0,20,18,"SUBTRACT_ONE,SUBTRACT_ONE"
5,9,14,SUM_PREV
0,2,9,"DOUBLE,DOUBLE,ADD_ONE"
0,29,29,SUM_PREV
0,10,22,"ADD_ONE,DOUBLE"
19,10,29,SUM_PREV
0,5,625,"SQUARE,SQUARE"
0,6,12,DOUBLE
0,10,18,"SUBTRACT_ONE,DOUBLE"
0,8,4225,"SQUARE,ADD_ONE,SQUARE"
0,30,900,SQUARE
0,10,21,"SUM_PREV,ADD_ONE,SUM_PREV"
0,14,28,DOUBLE
13,19,32,SUM_PREV
0,26,52,"SUM_PREV,SUM_PREV"
0,27,110,"ADD_ONE,SUM_PREV,DOUBLE"
0,11,120,"SQUARE,SUBTRACT_ONE"
0,21,22,"SUM_PREV,ADD_ONE"
0,22,66,"SUM_PREV,SUM_PREV,SUM_PREV"
0,22,45,"ADD_ONE,SUM_PREV"
11,11,22,SUM_PREV
0,7,8,"SUM_PREV,ADD_ONE"
0,25,24,SUBTRACT_ONE
20,15,35,SUM_PREV
14,16,30,SUM_PREV
0,18,73,"DOUBLE,DOUBLE,ADD_ONE"
0,5,81,"DOUBLE,SUBTRACT_ONE,SQUARE"
0,11,11,SUM_PREV
0,9,10,"SUM_PREV,ADD_ONE"
0,8,16,"SUM_PREV,SUM_PREV"
0,11,12,ADD_ONE
0,1,4,"SQUARE,SUM_PREV,DOUBLE"
0,2,2,"SUBTRACT_ONE,ADD_ONE"
0,22,23,ADD_ONE
0,27,729,SQUARE
0,25,26,ADD_ONE
0,16,65025,"SQUARE,SUBTRACT_ONE,SQUARE"
12,5,17,SUM_PREV
0,30,8100,"DOUBLE,SUM_PREV,SQUARE"
0,20,23,"ADD_ONE,ADD_ONE,ADD_ONE"
0,28,26,"SUM_PREV,SUBTRACT_ONE,SUBTRACT_ONE"
0,16,18,"SUM_PREV,ADD_ONE,ADD_ONE"
0,10,100,SQUARE
0,19,57,"SUM_PREV,DOUBLE,SUM_PREV"
0,11,22,DOUBLE
0,22,22,SUM_PREV
0,1,1,SQUARE
0,12,143,"SQUARE,SUBTRACT_ONE"
0,3,2,SUBTRACT_ONE
0,22,441,"SUBTRACT_ONE,SQUARE"
0,15,16,"ADD_ONE,SUBTRACT_ONE,ADD_ONE"
0,10,324,"SUBTRACT_ONE,DOUBLE,SQUARE"
0,23,91,"DOUBLE,DOUBLE,SUBTRACT_ONE"
0,6,24,"DOUBLE,DOUBLE"
0,22,279841,"ADD_ONE,SQUARE,SQUARE"
0,15,30,DOUBLE
0,11,121,"SUM_PREV,SQUARE"
0,6,41,"SQUARE,SUM_PREV,SUBTRACT_ONE"
0,23,46,"ADD_ONE,SUM_PREV,SUBTRACT_ONE"
0,12,25,"ADD_ONE,SUM_PREV"
0,13,12,SUBTRACT_ONE
0,29,87,"SUM_PREV,DOUBLE,SUM_PREV"
0,9,45,"DOUBLE,SUM_PREV,SUM_PREV"
0,18,130321,"ADD_ONE,SQUARE,SQUARE"
0,1,0,SUBTRACT_ONE
0,28,29,ADD_ONE
0,17,33,"SUBTRACT_ONE,SUM_PREV"
0,12,22,"SUBTRACT_ONE,DOUBLE"
0,22,22,SUM_PREV
0,19,361,"SUM_PREV,SQUARE"
1,6,7,SUM_PREV
0,27,532900,"SQUARE,ADD_ONE,SQUARE"
0,22,484,SQUARE
0,24,626,"ADD_ONE,SQUARE,ADD_ONE"
0,3,8,"ADD_ONE,DOUBLE"
0,14,210,"SQUARE,SUM_PREV"
0,10,100,SQUARE
0,17,17,SUM_PREV
0,25,50,DOUBLE
0,20,21,ADD_ONE
0,9,18,"SUM_PREV,DOUBLE"
0,18,35,"DOUBLE,SUBTRACT_ONE"
0,13,676,"DOUBLE,SQUARE"
0,2,2,"SUBTRACT_ONE,DOUBLE"
0,10,100,"SUM_PREV,SQUARE"
0,20,20,SUM_PREV
0,16,32,"SUM_PREV,DOUBLE"
0,12,11,SUBTRACT_ONE
15,9,24,SUM_PREV
20,2,22,SUM_PREV
0,7,51,"SQUARE,ADD_ONE,ADD_ONE"
0,29,840,"SQUARE,SUBTRACT_ONE"
0,7,9,"ADD_ONE,ADD_ONE"
0,20,80,"DOUBLE,DOUBLE"
0,21,21,"ADD_ONE,SUBTRACT_ONE"
0,26,52,DOUBLE
0,26,54,"ADD_ONE,DOUBLE"
0,10,20,"SUBTRACT_ONE,ADD_ONE,DOUBLE"
0,28,57,"DOUBLE,ADD_ONE"
0,3,4,"SUBTRACT_ONE,ADD_ONE,ADD_ONE"
0,30,32,"ADD_ONE,ADD_ONE"
0,18,289,"SUBTRACT_ONE,SQUARE"
0,19,77,"DOUBLE,ADD_ONE,SUM_PREV"
0,26,26,SUM_PREV
0,6,144,"DOUBLE,SQUARE"
0,27,1457,"SQUARE,DOUBLE,SUBTRACT_ONE"
0,16,14,"SUBTRACT_ONE,SUBTRACT_ONE"
0,10,10,SUM_PREV
0,4,14,"SUBTRACT_ONE,SUM_PREV,DOUBLE"
0,26,676,"SUBTRACT_ONE,ADD_ONE,SQUARE"
0,22,484,SQUARE
0,26,703,"SQUARE,SUM_PREV,ADD_ONE"
0,13,13,SUM_PREV
0,13,27,"DOUBLE,ADD_ONE"
0,24,624,"ADD_ONE,SQUARE,SUBTRACT_ONE"
0,30,929,"SQUARE,SUM_PREV,SUBTRACT_ONE"
0,6,6,SUM_PREV
0,17,15,"SUBTRACT_ONE,SUBTRACT_ONE"
0,10,21,"SUM_PREV,DOUBLE,ADD_ONE"
0,5,5,SUM_PREV
0,11,21,"DOUBLE,SUBTRACT_ONE"
2,11,13,SUM_PREV
0,25,49,"DOUBLE,SUBTRACT_ONE"
0,18,36,"DOUBLE,ADD_ONE,SUBTRACT_ONE"
0,11,121,SQUARE
0,11,253,"SQUARE,SUM_PREV,SUM_PREV"
0,9,19,"ADD_ONE,SUM_PREV"
0,14,16,"SUM_PREV,ADD_ONE,ADD_ONE"
0,11,22,"SUBTRACT_ONE,ADD_ONE,DOUBLE"
0,11,529,"DOUBLE,ADD_ONE,SQUARE"
0,12,144,SQUARE
3,20,23,SUM_PREV
0,19,362,"SUM_PREV,SQUARE,ADD_ONE"
0,7,23,"ADD_ONE,SUM_PREV,SUM_PREV"
0,15,15,SUM_PREV
0,1,4,"SQUARE,ADD_ONE,DOUBLE"
0,3,14,"DOUBLE,ADD_ONE,DOUBLE"
0,8,56,"SUBTRACT_ONE,SQUARE,SUM_PREV"
0,17,35,"ADD_ONE,DOUBLE,SUBTRACT_ONE"
0,20,19,SUBTRACT_ONE
0,10,420,"DOUBLE,SQUARE,SUM_PREV"
0,5,13,"ADD_ONE,ADD_ONE,SUM_PREV"
0,19,18,SUBTRACT_ONE
0,6,5,SUBTRACT_ONE
0,5,6,ADD_ONE
0,27,26,SUBTRACT_ONE
0,15,900,"SQUARE,DOUBLE,DOUBLE"
0,28,56,"SUM_PREV,DOUBLE"
0,21,881,"SQUARE,SUBTRACT_ONE,SUM_PREV"
0,4,31,"SQUARE,DOUBLE,SUBTRACT_ONE"
0,18,19,ADD_ONE
0,14,38416,"SUM_PREV,SQUARE,SQUARE"
0,14,28,DOUBLE
0,7,13,"SUM_PREV,DOUBLE,SUBTRACT_ONE"
0,29,232,"DOUBLE,DOUBLE,DOUBLE"
0,14,784,"SUM_PREV,SUM_PREV,SQUARE"
0,24,576,SQUARE
0,19,20,ADD_ONE
0,30,60,DOUBLE
0,20,42,"DOUBLE,ADD_ONE,ADD_ONE"
0,11,12,"ADD_ONE,ADD_ONE,SUBTRACT_ONE"
0,8,8,SUM_PREV
0,5,6,ADD_ONE
0,5,5,"ADD_ONE,SUBTRACT_ONE"
0,8,7,"SUM_PREV,SUBTRACT_ONE"
0,7,6,SUBTRACT_ONE
0,30,120,"DOUBLE,DOUBLE"
0,28,28,SUM_PREV
0,23,529,"SQUARE,SUBTRACT_ONE,ADD_ONE"
0,20,19,"SUBTRACT_ONE,ADD_ONE,SUBTRACT_ONE"
0,23,484,"SUBTRACT_ONE,SQUARE"
0,16,65,"DOUBLE,ADD_ONE,SUM_PREV"
0,15,392,"SUBTRACT_ONE,SQUARE,DOUBLE"
0,7,225,"DOUBLE,ADD_ONE,SQUARE"
0,8,8,SUM_PREV
16,3,19,SUM_PREV
0,5,8,"SUBTRACT_ONE,DOUBLE"
0,30,3844,"ADD_ONE,DOUBLE,SQUARE"
0,23,21,"SUBTRACT_ONE,SUBTRACT_ONE"
0,5,10,"ADD_ONE,SUM_PREV,SUBTRACT_ONE"
0,17,324,"ADD_ONE,SQUARE"
0,11,11,SUM_PREV
0,29,29,SUM_PREV
0,22,484,SQUARE
0,11,21,"DOUBLE,SUBTRACT_ONE"
0,1,2,DOUBLE
0,10,12,"ADD_ONE,ADD_ONE"
0,10,40000,"SQUARE,DOUBLE,SQUARE"
0,9,24,"SUBTRACT_ONE,DOUBLE,SUM_PREV"
0,7,48,"SQUARE,SUBTRACT_ONE"
0,10,10,SUM_PREV
0,12,24,DOUBLE
0,2,9,"ADD_ONE,SQUARE"
0,19,78,"ADD_ONE,SUM_PREV,DOUBLE"
0,8,23,"DOUBLE,SUM_PREV,SUBTRACT_ONE"
0,4,5,ADD_ONE
0,4,6,"ADD_ONE,ADD_ONE"
0,17,15,"SUBTRACT_ONE,SUBTRACT_ONE"
0,17,16,SUBTRACT_ONE
0,9,110,"ADD_ONE,SQUARE,SUM_PREV"
0,5,4,SUBTRACT_ONE
0,15,12,"SUBTRACT_ONE,SUBTRACT_ONE,SUBTRACT_ONE"
0,25,26,ADD_ONE
0,25,26,"SUBTRACT_ONE,ADD_ONE,ADD_ONE"
0,15,15,SUM_PREV
0,5,3,"SUBTRACT_ONE,SUBTRACT_ONE"
0,4,16,SQUARE
0,9,18,DOUBLE
0,9,17,"DOUBLE,SUBTRACT_ONE"
0,30,901,"SQUARE,ADD_ONE"
0,14,197,"SQUARE,ADD_ONE"
0,12,47,"DOUBLE,SUBTRACT_ONE,SUM_PREV"
0,24,25,"SUM_PREV,ADD_ONE"
0,11,12,ADD_ONE
0,30,898,"SQUARE,SUBTRACT_ONE,SUBTRACT_ONE"
0,30,61,"DOUBLE,ADD_ONE"
0,20,1681,"ADD_ONE,SUM_PREV,SQUARE"
14,5,19,SUM_PREV
0,28,56,DOUBLE
0,26,1352,"SQUARE,DOUBLE"
0,10,100,"SUM_PREV,SQUARE"
0,19,37,"SUBTRACT_ONE,SUM_PREV"
19,20,39,SUM_PREV
0,10,9,SUBTRACT_ONE
2,15,17,SUM_PREV
0,13,15,"SUM_PREV,ADD_ONE,ADD_ONE"
0,29,614656,"SUBTRACT_ONE,SQUARE,SQUARE"
0,7,14,DOUBLE
0,18,33,"SUBTRACT_ONE,DOUBLE,SUBTRACT_ONE"
0,29,58,DOUBLE
7,3,10,SUM_PREV
0,24,47,"DOUBLE,SUBTRACT_ONE"
0,29,58,"SUM_PREV,SUM_PREV"
0,22,46,"ADD_ONE,DOUBLE"
0,26,52,"SUM_PREV,SUM_PREV"
0,22,1936,"SUM_PREV,SUM_PREV,SQUARE"
0,27,54,DOUBLE
0,15,784,"SUBTRACT_ONE,DOUBLE,SQUARE"
0,4,24,"DOUBLE,DOUBLE,SUM_PREV"
0,16,28,"SUBTRACT_ONE,SUBTRACT_ONE,DOUBLE"
0,5,7,"ADD_ONE,ADD_ONE"
0,9,18,DOUBLE
0,26,676,SQUARE
0,29,707282,"SQUARE,SQUARE,ADD_ONE"
0,14,196,SQUARE
0,25,50,DOUBLE
0,9,89,"SQUARE,SUM_PREV,SUBTRACT_ONE"
0,22,41,"SUBTRACT_ONE,DOUBLE,SUBTRACT_ONE"
0,12,11,SUBTRACT_ONE
0,8,16,"DOUBLE,ADD_ONE,SUBTRACT_ONE"
0,29,56,"SUBTRACT_ONE,SUM_PREV,SUBTRACT_ONE"
0,5,25,SQUARE
2,5,7,SUM_PREV
0,25,625,SQUARE
0,2,10,"ADD_ONE,SUM_PREV,DOUBLE"
0,1,2,"SQUARE,SUM_PREV"
0,19,361,"SQUARE,ADD_ONE,SUBTRACT_ONE"
0,20,400,SQUARE
0,5,25,SQUARE
0,3,2,"SUM_PREV,SUBTRACT_ONE"
5,3,8,SUM_PREV
0,26,25,SUBTRACT_ONE
0,15,45,"DOUBLE,SUM_PREV"
0,12,23,"SUBTRACT_ONE,DOUBLE,ADD_ONE"
0,5,10,DOUBLE
0,25,390624,"SQUARE,SQUARE,SUBTRACT_ONE"
0,6,12,DOUBLE
0,7,6,SUBTRACT_ONE
0,17,37,"ADD_ONE,ADD_ONE,SUM_PREV"
0,9,10,"SUM_PREV,ADD_ONE"
2,15,17,SUM_PREV
0,3,6,DOUBLE
0,27,1460,"SQUARE,ADD_ONE,DOUBLE"
18,18,36,SUM_PREV
0,8,324,"ADD_ONE,DOUBLE,SQUARE"
0,15,225,SQUARE
7,10,17,SUM_PREV
0,4,16,"SQUARE,ADD_ONE,SUBTRACT_ONE"
0,23,529,"SUM_PREV,SQUARE"
0,4,5,ADD_ONE
0,10,90,"SUBTRACT_ONE,SQUARE,SUM_PREV"
5,19,24,SUM_PREV
0,28,614656,"SQUARE,SQUARE"
0,10,11,ADD_ONE
0,22,43,"DOUBLE,SUBTRACT_ONE"
0,17,289,SQUARE
0,10,102,"SQUARE,ADD_ONE,ADD_ONE"
0,26,702,"SQUARE,SUM_PREV"
0,20,36,"SUBTRACT_ONE,SUBTRACT_ONE,DOUBLE"
0,3,4,"SUM_PREV,SUBTRACT_ONE,SQUARE"
0,12,50,"DOUBLE,ADD_ONE,DOUBLE"
0,28,1570,"SQUARE,ADD_ONE,DOUBLE"
0,21,22,ADD_ONE
0,30,840,"SUBTRACT_ONE,SQUARE,SUBTRACT_ONE"
0,16,65025,"SQUARE,SUBTRACT_ONE,SQUARE"
17,2,19,SUM_PREV
0,8,18,"ADD_ONE,DOUBLE"
0,21,461,"SQUARE,SUM_PREV,SUBTRACT_ONE"
0,2,4,SQUARE
0,26,26,SUM_PREV
0,3,36,"SQUARE,DOUBLE,DOUBLE"
0,24,600,"SUM_PREV,SQUARE,SUM_PREV"
0,4,16,"SQUARE,SUBTRACT_ONE,ADD_ONE"
0,9,7,"SUM_PREV,SUBTRACT_ONE,SUBTRACT_ONE"
0,15,15,"SUM_PREV,SUBTRACT_ONE,ADD_ONE"
0,24,23,SUBTRACT_ONE
0,16,33,"DOUBLE,ADD_ONE"
0,28,81,"SUBTRACT_ONE,DOUBLE,SUM_PREV"
0,14,15,ADD_ONE
0,14,14,"SUBTRACT_ONE,ADD_ONE"
0,8,19,"ADD_ONE,DOUBLE,ADD_ONE"
0,9,19,"DOUBLE,ADD_ONE"
0,13,52,"SUM_PREV,DOUBLE,DOUBLE"
15,5,20,SUM_PREV
0,28,3136,"SUM_PREV,DOUBLE,SQUARE"
0,13,28561,"SQUARE,SQUARE"
0,25,25,SUM_PREV
0,25,26,ADD_ONE
0,24,49,"SUM_PREV,SUM_PREV,ADD_ONE"
0,19,77,"DOUBLE,DOUBLE,ADD_ONE"
0,3,1296,"DOUBLE,SQUARE,SQUARE"
0,4,4,SUM_PREV
0,6,36,"SUM_PREV,SQUARE"
0,16,32,DOUBLE
0,5,52,"SQUARE,ADD_ONE,DOUBLE"
0,5,5,SUM_PREV
0,15,50625,"SQUARE,SQUARE"
0,15,196,"SUBTRACT_ONE,SQUARE"
0,10,21,"SUM_PREV,DOUBLE,ADD_ONE"
0,26,676,SQUARE
0,30,29,SUBTRACT_ONE
0,9,83,"SQUARE,ADD_ONE,ADD_ONE"
0,18,19,ADD_ONE
0,11,122,"SQUARE,ADD_ONE"
0,28,812,"SQUARE,SUM_PREV"
0,26,27,"SUM_PREV,ADD_ONE"
0,17,35,"ADD_ONE,SUM_PREV"
0,23,44,"SUBTRACT_ONE,DOUBLE"
0,11,12,ADD_ONE
0,11,23,"ADD_ONE,SUM_PREV"
0,16,17,ADD_ONE
0,18,323,"SQUARE,SUBTRACT_ONE"
0,15,15,"ADD_ONE,SUBTRACT_ONE"
0,13,41,"ADD_ONE,SUM_PREV,SUM_PREV"
0,27,54,DOUBLE
0,9,180,"SQUARE,SUM_PREV,DOUBLE"
0,30,31,"SUBTRACT_ONE,ADD_ONE,ADD_ONE"
0,17,36,"ADD_ONE,DOUBLE"
0,3,9,SQUARE
0,6,25,"SUBTRACT_ONE,SQUARE"
20,9,29,SUM_PREV
18,2,20,SUM_PREV
18,1,19,SUM_PREV
0,19,361,SQUARE
15,11,26,SUM_PREV
0,23,46,DOUBLE
0,25,25,SUM_PREV
0,29,1684,"SQUARE,ADD_ONE,DOUBLE"
0,5,25,SQUARE
9,11,20,SUM_PREV
15,20,35,SUM_PREV
0,20,19,SUBTRACT_ONE
0,23,92,"DOUBLE,DOUBLE"
0,29,89,"ADD_ONE,SUM_PREV,SUM_PREV"
0,23,551,"SQUARE,SUM_PREV,SUBTRACT_ONE"
0,16,17,ADD_ONE
0,14,394,"SQUARE,ADD_ONE,DOUBLE"
0,28,57,"SUM_PREV,DOUBLE,ADD_ONE"
0,14,15,ADD_ONE
0,25,50,DOUBLE
0,10,8,"SUBTRACT_ONE,SUBTRACT_ONE"
0,9,16,"SUBTRACT_ONE,DOUBLE"
0,6,7,"ADD_ONE,ADD_ONE,SUBTRACT_ONE"
0,4,16,"DOUBLE,DOUBLE"
0,2,0,"SUBTRACT_ONE,SUBTRACT_ONE"
0,30,31,ADD_ONE
12,4,16,SUM_PREV
0,22,506,"SUM_PREV,SQUARE,SUM_PREV"
0,10,22,"DOUBLE,ADD_ONE,ADD_ONE"
0,18,209952,"SQUARE,SQUARE,DOUBLE"
0,25,50,DOUBLE
11,6,17,SUM_PREV
0,19,40,"ADD_ONE,DOUBLE"
0,8,64,SQUARE
0,14,28,"ADD_ONE,SUM_PREV,SUBTRACT_ONE"
0,26,676,SQUARE
0,11,10,SUBTRACT_ONE
8,16,24,SUM_PREV
0,1,4,"SUM_PREV,ADD_ONE,SQUARE"
0,10,11,ADD_ONE
0,11,234256,"DOUBLE,SQUARE,SQUARE"
0,19,39,"ADD_ONE,SUM_PREV"
0,5,25,SQUARE
0,15,15,SUM_PREV
0,19,38,"SUM_PREV,SUM_PREV"
4,12,16,SUM_PREV
0,10,199,"SQUARE,DOUBLE,SUBTRACT_ONE"
0,16,255,"SUM_PREV,SQUARE,SUBTRACT_ONE"
0,24,24,SUM_PREV
0,26,52,DOUBLE
0,26,27,"SUBTRACT_ONE,ADD_ONE,ADD_ONE"
0,4,15,"SQUARE,SUBTRACT_ONE"
0,18,73,"DOUBLE,DOUBLE,ADD_ONE"
0,3,6,DOUBLE
0,7,225,"DOUBLE,ADD_ONE,SQUARE"
0,26,1458,"ADD_ONE,SQUARE,DOUBLE"
0,1,2,"SUBTRACT_ONE,ADD_ONE,ADD_ONE"
0,8,64,SQUARE
0,10,200,"SUM_PREV,SQUARE,DOUBLE"
0,2,4,"ADD_ONE,SUBTRACT_ONE,DOUBLE"
0,9,10,"SUM_PREV,ADD_ONE"
0,22,66,"SUM_PREV,SUM_PREV,SUM_PREV"
0,19,441,"ADD_ONE,ADD_ONE,SQUARE"
0,19,38,DOUBLE
0,9,7,"SUBTRACT_ONE,SUBTRACT_ONE"
0,27,26,SUBTRACT_ONE
0,18,19,ADD_ONE
0,24,48,DOUBLE
20,14,34,SUM_PREV
0,20,61,"DOUBLE,SUM_PREV,ADD_ONE"
0,19,20,ADD_ONE
0,24,48,"SUM_PREV,DOUBLE"
0,13,48,"SUBTRACT_ONE,DOUBLE,DOUBLE"
0,4,3,SUBTRACT_ONE
0,2,3,"SQUARE,SUBTRACT_ONE"
0,8,128,"SQUARE,DOUBLE"
0,4,5,ADD_ONE
0,21,41,"SUBTRACT_ONE,SUM_PREV"
0,2,6,"SQUARE,SUM_PREV"
0,1,0,"SUBTRACT_ONE,SUBTRACT_ONE,ADD_ONE"
0,6,14,"ADD_ONE,SUM_PREV,ADD_ONE"
0,21,20,SUBTRACT_ONE
0,17,68,"SUM_PREV,DOUBLE,DOUBLE"
0,16,1089,"DOUBLE,ADD_ONE,SQUARE"
0,22,21,"SUBTRACT_ONE,SUBTRACT_ONE,ADD_ONE"
0,11,12,ADD_ONE
0,20,20,"ADD_ONE,SUBTRACT_ONE"
9,2,11,SUM_PREV
0,10,100,"SUM_PREV,SQUARE"
0,25,27,"ADD_ONE,ADD_ONE"
0,4,12,"ADD_ONE,ADD_ONE,DOUBLE"
0,8,4095,"SQUARE,SQUARE,SUBTRACT_ONE"
0,11,121,"SUM_PREV,SQUARE"
0,8,4097,"SQUARE,SQUARE,ADD_ONE"
0,2,3,ADD_ONE
0,30,930,"SQUARE,SUM_PREV"
0,9,10,ADD_ONE
5,17,22,SUM_PREV
0,16,50,"ADD_ONE,SUM_PREV,SUM_PREV"
0,6,4,"SUBTRACT_ONE,SUBTRACT_ONE"
0,2,16,"DOUBLE,SQUARE"
0,27,51,"SUBTRACT_ONE,DOUBLE,SUBTRACT_ONE"
0,26,676,SQUARE
0,19,144400,"SQUARE,SUM_PREV,SQUARE"
8,18,26,SUM_PREV
0,7,97,"SQUARE,DOUBLE,SUBTRACT_ONE"
0,11,33,"DOUBLE,SUM_PREV"
0,11,9,"SUBTRACT_ONE,SUBTRACT_ONE"
0,6,2592,"SQUARE,SQUARE,DOUBLE"
18,17,35,SUM_PREV
3,9,12,SUM_PREV
0,11,9,"SUBTRACT_ONE,SUBTRACT_ONE"
0,28,56,DOUBLE
0,28,676,"SUBTRACT_ONE,SUBTRACT_ONE,SQUARE"
0,15,29,"SUBTRACT_ONE,SUM_PREV"
0,2,4,DOUBLE
0,29,842,"SQUARE,ADD_ONE"
0,26,53,"DOUBLE,ADD_ONE"
0,13,52,"DOUBLE,DOUBLE"
0,4,3,SUBTRACT_ONE
0,24,22,"SUBTRACT_ONE,SUBTRACT_ONE"
0,22,46,"ADD_ONE,DOUBLE"
0,9,20,"DOUBLE,ADD_ONE,ADD_ONE"
0,23,43,"SUBTRACT_ONE,DOUBLE,SUBTRACT_ONE"
0,20,159999,"SQUARE,SQUARE,SUBTRACT_ONE"
0,21,42,"SUM_PREV,DOUBLE"
0,30,60,DOUBLE
0,9,36,"DOUBLE,DOUBLE"
0,21,43,"ADD_ONE,SUM_PREV"
0,19,724,"SQUARE,ADD_ONE,DOUBLE"
0,12,12,SUM_PREV
0,10,22,"ADD_ONE,DOUBLE"
0,19,361,"SQUARE,ADD_ONE,SUBTRACT_ONE"
0,6,6,"SUBTRACT_ONE,ADD_ONE"
0,14,841,"DOUBLE,ADD_ONE,SQUARE"
0,11,122,"SQUARE,ADD_ONE"
0,13,169,SQUARE
0,4,15,"SQUARE,SUBTRACT_ONE"
0,22,23,"ADD_ONE,ADD_ONE,SUBTRACT_ONE"
0,12,11,SUBTRACT_ONE
0,24,24,SUM_PREV
0,19,324,"SUBTRACT_ONE,SQUARE"
0,23,91,"DOUBLE,DOUBLE,SUBTRACT_ONE"
0,30,1799,"SQUARE,SUBTRACT_ONE,SUM_PREV"
0,4,16,"DOUBLE,DOUBLE"
13,6,19,SUM_PREV
6,5,11,SUM_PREV
0,25,23,"SUBTRACT_ONE,SUBTRACT_ONE"
0,24,48,DOUBLE
7,5,12,SUM_PREV
0,23,485,"SUBTRACT_ONE,SQUARE,ADD_ONE"
0,20,80,"DOUBLE,DOUBLE"
0,2,2,"SUBTRACT_ONE,ADD_ONE"
11,7,18,SUM_PREV
0,7,49,"ADD_ONE,SUBTRACT_ONE,SQUARE"
0,6,19,"DOUBLE,SUM_PREV,ADD_ONE"
0,15,13,"SUBTRACT_ONE,SUBTRACT_ONE"
0,10,242,"ADD_ONE,SQUARE,DOUBLE"
0,20,38,"SUBTRACT_ONE,DOUBLE"
0,27,55,"SUM_PREV,SUM_PREV,ADD_ONE"
0,6,12,DOUBLE
0,11,11,SUM_PREV
0,29,28,SUBTRACT_ONE
0,18,72,"DOUBLE,DOUBLE"
0,8,512,"DOUBLE,SQUARE,DOUBLE"
0,12,312,"SQUARE,SUM_PREV,DOUBLE"
0,30,61,"DOUBLE,ADD_ONE"
0,7,28,"DOUBLE,DOUBLE"
10,7,17,SUM_PREV
0,27,27,SUM_PREV
0,18,289,"SUBTRACT_ONE,SQUARE"
0,27,1458,"SQUARE,DOUBLE"
0,1,1,"SQUARE,SUBTRACT_ONE,ADD_ONE"
0,16,32,DOUBLE
0,8,7,SUBTRACT_ONE
1,14,15,SUM_PREV
0,29,3249,"DOUBLE,SUBTRACT_ONE,SQUARE"
0,28,58,"SUM_PREV,ADD_ONE,DOUBLE"
0,10,12,"ADD_ONE,ADD_ONE"
0,13,168,"SQUARE,SUBTRACT_ONE"
0,15,30,DOUBLE
17,14,31,SUM_PREV
0,24,47,"SUBTRACT_ONE,SUM_PREV"
0,24,1728,"SQUARE,DOUBLE,SUM_PREV"
0,11,22,DOUBLE
11,2,13,SUM_PREV
0,14,14,SUM_PREV
18,20,38,SUM_PREV
0,19,18,SUBTRACT_ONE
0,23,46,"SUM_PREV,SUM_PREV"
0,16,256,SQUARE
0,4,12,"DOUBLE,SUM_PREV"
0,5,15,"SUM_PREV,DOUBLE,SUM_PREV"
0,26,2601,"DOUBLE,SUBTRACT_ONE,SQUARE"
0,28,870,"ADD_ONE,SQUARE,SUM_PREV"
0,28,55,"SUM_PREV,SUM_PREV,SUBTRACT_ONE"
0,26,913952,"SQUARE,SQUARE,DOUBLE"
0,8,7,SUBTRACT_ONE
0,3,6,DOUBLE
0,13,13,SUM_PREV
0,2,3,"SUM_PREV,ADD_ONE"
0,23,529,SQUARE
0,16,50625,"SUBTRACT_ONE,SQUARE,SQUARE"
0,29,29,SUM_PREV
0,2,6,"ADD_ONE,DOUBLE"
0,15,62,"DOUBLE,ADD_ONE,DOUBLE"
0,23,22,SUBTRACT_ONE
0,26,52,DOUBLE
0,26,2704,"SUM_PREV,SUM_PREV,SQUARE"
0,15,15,SUM_PREV
0,4,4,"ADD_ONE,SUBTRACT_ONE"
0,30,8100,"DOUBLE,SUM_PREV,SQUARE"
0,10,27,"SUBTRACT_ONE,DOUBLE,SUM_PREV"
0,26,52,DOUBLE
0,15,15,"SUBTRACT_ONE,ADD_ONE"
0,3,162,"SQUARE,SQUARE,DOUBLE"
0,16,96,"DOUBLE,DOUBLE,SUM_PREV"
0,19,22,"ADD_ONE,ADD_ONE,ADD_ONE"
0,5,5,"ADD_ONE,SUBTRACT_ONE"
0,3,8,"DOUBLE,ADD_ONE,ADD_ONE"
0,16,512,"SQUARE,DOUBLE"
0,10,10,SUM_PREV
0,6,7,ADD_ONE
1,16,17,SUM_PREV
0,10,202,"SQUARE,ADD_ONE,DOUBLE"
0,27,729,SQUARE
0,15,224,"SQUARE,SUBTRACT_ONE"
0,5,5,"SUBTRACT_ONE,ADD_ONE"
0,4,14,"DOUBLE,SUBTRACT_ONE,DOUBLE"
0,24,576,"SQUARE,ADD_ONE,SUBTRACT_ONE"
0,10,10,SUM_PREV
0,14,14,SUM_PREV
0,13,15,"ADD_ONE,ADD_ONE"
0,27,28,"SUM_PREV,ADD_ONE"
0,19,1369,"SUBTRACT_ONE,SUM_PREV,SQUARE"
14,16,30,SUM_PREV
0,28,56,"ADD_ONE,SUBTRACT_ONE,DOUBLE"
0,21,441,SQUARE
0,9,163,"SQUARE,DOUBLE,ADD_ONE"
0,2,6,"DOUBLE,SUM_PREV"
0,20,194481,"ADD_ONE,SQUARE,SQUARE"
0,5,10,DOUBLE
0,7,8,ADD_ONE
0,12,145,"SQUARE,ADD_ONE"
0,16,16,"SUBTRACT_ONE,ADD_ONE"
0,2,3,"SUBTRACT_ONE,ADD_ONE,ADD_ONE"
0,13,25,"DOUBLE,SUBTRACT_ONE"
0,30,90,"DOUBLE,SUM_PREV"
0,28,784,"SUM_PREV,SQUARE"
0,4,16,SQUARE
2,16,18,SUM_PREV
0,2,6,"DOUBLE,ADD_ONE,ADD_ONE"
18,15,33,SUM_PREV
0,15,15,"ADD_ONE,SUBTRACT_ONE"
0,3,7,"ADD_ONE,SUM_PREV"
0,19,37,"SUBTRACT_ONE,SUM_PREV"
16,11,27,SUM_PREV
0,4,7,"SUBTRACT_ONE,SUM_PREV"
0,29,116,"DOUBLE,DOUBLE"
0,23,24,"SUM_PREV,ADD_ONE"
0,20,800,"SQUARE,DOUBLE"
0,26,54,"SUM_PREV,ADD_ONE,DOUBLE"
0,30,30,SUM_PREV
0,14,14,"ADD_ONE,SUBTRACT_ONE"
0,22,22,SUM_PREV
0,1,1,SQUARE
0,17,1156,"DOUBLE,SQUARE"
0,3,4,"SUBTRACT_ONE,SQUARE"
0,26,52,"SUM_PREV,SUM_PREV"
0,27,54,"SUM_PREV,DOUBLE"
0,11,10,SUBTRACT_ONE
0,1,0,SUBTRACT_ONE
0,26,676,SQUARE
0,15,31,"SUM_PREV,ADD_ONE,SUM_PREV"
0,20,160,"DOUBLE,DOUBLE,DOUBLE"
0,5,18,"ADD_ONE,DOUBLE,SUM_PREV"
0,20,41,"ADD_ONE,DOUBLE,SUBTRACT_ONE"
0,28,224,"DOUBLE,DOUBLE,DOUBLE"
0,28,56,DOUBLE
20,1,21,SUM_PREV
0,9,18,DOUBLE
0,18,36,"SUM_PREV,SUM_PREV"
0,29,116,"DOUBLE,DOUBLE"
0,15,225,SQUARE
0,5,100,"DOUBLE,SQUARE"
0,8,8,SUM_PREV
0,24,23,"SUM_PREV,SUBTRACT_ONE"
17,16,33,SUM_PREV
